zh,https://www.bagera.eus/wp-content/uploads/2016/05/zh.pdf
wo,https://www.bagera.eus/wp-content/uploads/2016/05/wo.pdf
ur,https://www.bagera.eus/wp-content/uploads/2016/05/ur.pdf
uk,https://www.bagera.eus/wp-content/uploads/2016/05/uk.pdf
tr,https://www.bagera.eus/wp-content/uploads/2016/05/tr.pdf
tl,https://www.bagera.eus/wp-content/uploads/2016/05/tl.pdf
sv,https://www.bagera.eus/wp-content/uploads/2016/05/sv.pdf
sr_rom,https://www.bagera.eus/wp-content/uploads/2016/05/sr_rom.pdf
sr,https://www.bagera.eus/wp-content/uploads/2016/05/sr.pdf
sl,https://www.bagera.eus/wp-content/uploads/2016/05/sl.pdf
sk,https://www.bagera.eus/wp-content/uploads/2016/05/sk.pdf
sc,https://www.bagera.eus/wp-content/uploads/2016/05/sc.pdf
ru_rom,https://www.bagera.eus/wp-content/uploads/2016/05/ru_rom.pdf
ru,https://www.bagera.eus/wp-content/uploads/2016/05/ru.pdf
ro,https://www.bagera.eus/wp-content/uploads/2016/05/ro.pdf
qu,https://www.bagera.eus/wp-content/uploads/2016/05/qu.pdf
pt_br,https://www.bagera.eus/wp-content/uploads/2016/05/pt_br.pdf
pt_br,https://www.bagera.eus/wp-content/uploads/2016/05/pt.pdf
pl,https://www.bagera.eus/wp-content/uploads/2016/05/pl.pdf
pa,https://www.bagera.eus/wp-content/uploads/2016/05/pa.pdf
en,https://www.bagera.eus/wp-content/uploads/2016/05/ne.pdf
mey_rom,https://www.bagera.eus/wp-content/uploads/2016/05/mey_rom.pdf
mey,https://www.bagera.eus/wp-content/uploads/2016/05/mey.pdf
ln,https://www.bagera.eus/wp-content/uploads/2016/05/ln.pdf
lb,https://www.bagera.eus/wp-content/uploads/2016/05/lb.pdf
kea,https://www.bagera.eus/wp-content/uploads/2016/05/kea.pdf
it,https://www.bagera.eus/wp-content/uploads/2016/05/it.pdf
is,https://www.bagera.eus/wp-content/uploads/2016/05/is.pdf
hu,https://www.bagera.eus/wp-content/uploads/2016/05/hu.pdf
hr,https://www.bagera.eus/wp-content/uploads/2016/05/hr.pdf
hi,https://www.bagera.eus/wp-content/uploads/2016/05/hi.pdf
gn,https://www.bagera.eus/wp-content/uploads/2016/05/gn.pdf
gl,https://www.bagera.eus/wp-content/uploads/2016/05/gl.pdf
fr,https://www.bagera.eus/wp-content/uploads/2016/05/fr.pdf
fi,https://www.bagera.eus/wp-content/uploads/2016/05/fi.pdf
ff,https://www.bagera.eus/wp-content/uploads/2016/05/ff.pdf
es,https://www.bagera.eus/wp-content/uploads/2016/05/es.pdf
en,https://www.bagera.eus/wp-content/uploads/2016/05/en.pdf
el_rom,https://www.bagera.eus/wp-content/uploads/2016/05/el_rom.pdf
el,https://www.bagera.eus/wp-content/uploads/2016/05/el.pdf
dyo,https://www.bagera.eus/wp-content/uploads/2016/05/dyo.pdf
de,https://www.bagera.eus/wp-content/uploads/2016/05/de.pdf
cs,https://www.bagera.eus/wp-content/uploads/2016/05/cs.pdf
ca_vc,https://www.bagera.eus/wp-content/uploads/2016/05/ca_vc.pdf
ca,https://www.bagera.eus/wp-content/uploads/2016/05/ca.pdf
bn,https://www.bagera.eus/wp-content/uploads/2016/05/bn.pdf
bg,https://www.bagera.eus/wp-content/uploads/2016/05/bg.pdf
ber,https://www.bagera.eus/wp-content/uploads/2016/05/ber.pdf
ay,https://www.bagera.eus/wp-content/uploads/2016/05/ay.pdf
ast,https://www.bagera.eus/wp-content/uploads/2016/05/ast.pdf
ary,https://www.bagera.eus/wp-content/uploads/2016/05/ary.pdf
