EUSKARA	ne	ro	ki	di	av	wo	da	ch	ha	ur	ta	ay	fu	po	??	de	ga	Ca	fr	es	en	je	py	ru	ITALIANO 	ha	ar	pa	br	va	le	el	ea	tu	sl	yk	Ma 	sr	cp	hr	kr	sa	hi	tr	ba	li	as	wi	sv	ce	su	sk	is
EUSKARA	NEPĀLĪ BHĀṢĀ 	ROMÂNĂ	KICHWA SHIMI 	DIOLA	AVAÑE'Ẽ	WOLOF	DARIJA	汉语/漢語 	HÀNYǓ 	URDŪ 	TAMAZIGHT	AYMAR ARU	FULFULDE 	PORTUGUĚS	БЪЛГАРСКИ ЕЗИК	DEUTSCH	GALEGO 	CATALÀ 	FRANÇAIS	CASTELLANO	ENGLISH	JĘZYK POLSKI 	РУССКИЙ ЯЗЫК 	RUSSKIY YAZYK	ITALIANO 	ḤASSĀNĪYA 	حسانية 	PAṈJĀBĪ	BRASILEIRO	VALENCIÀ 	LËTZEBUERGESCH	ELLINIKÁ 	ΕΛΛΗΝΙΚΆ 	TÜRKÇE 	SLOVENŠČINA	УКРАЇНСЬКА МОВА 	MAGYAR	SRPSK	СРПСКИ 	HRVATSKI	KRIOLU	SARDU	HINDĪ 	हिंदी	BANGLA	LINGÁLA 	ASTURIANU	WIKANG TAGALOG 	SVENSKA	ČEŠTINA 	SUOMEN KIELI	SLOVENČINA	ÍSLENSKA 
AGURRAK (13)																																																					
Kaixo	Namaste	Bună!	Imanalla 	Kasumay	mba'éichapa¡	Nakamu!	Ahlan!	你好	nǐ hǎo	adaab!	Azul/ Salam		Tana la!	Olá / Oi	Здрасти	Hallo!	Ola!	Hola!	Salut!	¡Hola!	Hello!	Cześć!	Привет!	Priviet!	Ciao!	labas!	مر حبا	Salamalekum/Walekum salam	oi	Hola!	Moien!	Gia su!	Γεια σου!	Merhaba!	Zdravo! Živjo!	Привіт!	Helló! / Szia!	zdravo	Здраво! 	bok	Oi / e modi !	Oè	[namaste]	नमस्ते 		Mbote!	¡Hola!	Hello	Hej!	Ahoj! 	Hei!/ Moi!	Ahoj! 	Halló 
Egun on! 	Subabihani	Bună ziua!	Alli puncha	Bunukane	mba'éichapa nde ko'ê	Diam nga fanan!	Sbahljir!	早上好	zhǎo shàng hǎo	Suba ka salam	Sbah rji	Dios asqui uru churatam!	Nasubaka hog!	Bom dia	Добро утро!	Guten Morgen!	Bos días!	Bon dia!	Bonjour!	¡Buenos días!	Good morning!	Dzień Dobry!	 доброе утро!	Dobroe utro!	Buon giorno!	sabah eljeir!	صباح الخير	Soni suba	bom dia	Bon dia!	Gudde Moien!	Kalimera!	Καλημέρα!	Günaydın!	dobro jutro	Доброго ранку!	Jó reggelt!	dobro jutro	Добро јутро! 	dobro jutro	Bon dia!	Bona die	[suprabhaat]	सुप्रभात	Shu-probhat	Mbote na yo!	Bonos díes	Magandang umaga	Good morgon!	Dobrý den! 	Hyvää huomenta! 	Dobrý deň! 	Góðan dag 
Arratsalde on!	Subodin / Subobelka	Bună seara!	Alli chishi	Uriasum	mba'éichapa nde ka'aru	Diam nga yendou!		下午好	xià wǔ hǎo	Doper ka salam	Azul/Salam	Dios asqui jaiphu churatam!	Nanyaloma hog!	Boa tarde	Добър ден!	Guten Nachmittag!	Boas tardes!	Bona tarda!	Bon après-midi!	Buenas tardes!	Good afternoon!	Dzień Dobry!	добрый день!	Dobriy dien'!	Buon pomeriggio!	masa eljeir!	مساء الخير	Soni dopehér	boa tarde	Bona vesprada!	Gudde Mëtteg!	Kalo apoyevma!	καλό απόγευμα!	İyi akşamlar!	dober dan	Добрий день!	Jó napot! 	dobar dan	Добар дан! 	dobar dan	Boa tardi!	Bonu bortadie	[shub-sun-dhyaa]	शुभ शंध्या	Shubho dupur	Mbote na yo!	Bones tardes	Magandang hapon	God eftermiddag!	Dobré Odpoledne!/ Dobry večer! 	Hyvää päivää! 	Dobré popoludnie!/ Dobrý večer! 	Góðan dag 
Gabon!	Subaratri	Noapte bună!	Alli tuta	Moralsum	mba'éichapa nde pyhare	Naka gudi bi!	Msaaljir!	晚安	wǎn ān	Sham ka salam	Msarji	Dios asqui aruma churatam!	Na jemma hog!	Boa Noite	Добър вечер!	Guten Abend!	Boas noites!	Bona nit!	Bonsoir!	¡Buenas noches!	Good evening!	Dobry wieczór! / Dobranoc!	добрый вечер!	Dobriy vecher!	Buona sera!	leila saida!	مساء الخير	Soni sham	boa noite	Bona nit!	Gudden Owend!	Kalinijta!	Καληνύχτα!	İyi akşamlar!	dober večer	Доброго вечора!	Jó estét! 	dobro veče	Добро вече!	dobra večer	Bo noiti!	Bonu sero	[shub-sun-dhyaa]	शुभ शंध्या	Shubho shondha 	Pokua malamu!	Bones nueches	Magandang gabi	God kväll!	Dobrý večer!/ Dobrou noc! 	Hyvää iltaa! 	Dobrý večer! 	Gott kvöld 
Ondo lo egin!	Ramro ri sudnoos	Somn ușor!	Allita puñunki	Moraldum	tereke porâ ke	Fananal ak diam!	Tasbah ǎlajir!	祝你睡得好	zhù nǐ shuì dé hǎo 	Raat ka salam	Dansid girji	Waliqui iqtam!	Wallen jam!	Dorme bem	Лека нощ!	Gute Nacht!	Que durmas ben!	Que dormis bé!	Bonne nuit!	Que duermas bien!	Good night!	Śpij Dobrze! / Dobranoc!	спокойной ночи!	spacoinoy nochi!	Buona notte!	Naum hadi!	ليلة سعيدة	Soni rat		Que dormis bé!	Gutt Nuecht!	Kalon ipno! 	καλό ύπνο!	İyi geceler!	lahko noč	На добраніч!	Jó éjszakát!	laku noć	Лаку ноћ! 	laku noć	Durmi dretu / Bo noiti!	Bona note	[shubhraatri]	शुभरात्री	Shubho ratri 	Olala malamu!	Que duermas bien		God natt!	Dobrou noc! 	Hyvää yötä! 	Dobrú noc!	Gott kvöld 
Agur!	Tata	Rămas bun! 	Minchakama	Edjow	jajoechapeve	Ba benem!	Beslama	再见	zàijiàn	Juda jafez!	Baslama!		Mee waaneke!	Adeus!	Сбогом!	Tschüss!	Adeus! / Abur!	Adéu!	Au revoir!	¡Adiós!	Good bye!	Coś ubocznego! / Do widzenia!	до свидания!	da svidaniya!	Arrivederci\ addio	maa salama!	إلى اللِقاء 	Rab raka	tchau	Adéu!	Äddi!	Adio! 	Αντίο!	Güle güle!	na svidenje	До побачення!	Viszontlátásra! 	do viđenja	Збогом! 	do viđenja	Txau! / Ti dipos!	Adiosu	[ śubha vidā'ī]	शुभ विदाई 	Biday 	Bokeyi malamu!	Adiós	paalam	Hej då!	Sbohem! 	Näkemiin! 	Zbohom! 	Bless
Gero arte!	Feribetonla/Namaskar	La revedere	Ashankama	Mere mere (muere muere)	jajuechapeve (similar a Adios)	Bethi kanam!	Netlakaw men bǎad	再见 / 回头见	zàijiàn / húitóujiàn		Dwarat nadni!		Ha yee so	Até logo	До тогава!	Bis später/ Bis dann!	Ata logo! / Deica logo!	Fins després!	À tout à l’heure!	¡Hasta luego!	See you later 	Na razie! / Do zobaczenia!	до скорой встречи! / до завтра!	Da skoroi vstrechi! / do zavtra!	Ci vediamo dopo!	ila aliga!	سنلتقي بعد قليل	Pher milsa(n) de/ Fer melade	ate mais	Fins després!	Bis geschwënn	Sto epanidin! 	στο επανηδίν!	Sonra görüşürüz		До зустрічі!	Viszlát!		До виђења! 		Ti logu!	Nos bidimus posca!	[phir milenge]	फिर मिलेंगे 	Pore dekha hobe	Na ngonga moko!	Hasta depués		Vi ses	Nashledanou! 	Nähdään taas	Dovidenia! 	Sjáumst síðar! 
Mesedez	Kirpaya	Te rog frumos!	Mikupay (coma por favor)	bonketom	chembojeroviamína ko'ápe	Sula nekhe...	Ǎafak / Layjalik…	请	qǐng	jux karna…	Ǎfak/ la yahdik 		Mee nyaa gi ma	Faz favor... 	моля	Bitte…	Por favor...	Si us plau…	S’il te plait	Por favor...	Please…	Proszę…	пожалуйста	Pajalusta	Per favore...	Min fadlak...		Mehrbani	por favor	Per favor…	Wann ech gelift	Parakalo…	Παρακαλώ… 	Lütfen ...	prosim	Будь ласка!	Kérem... 	molim	Молим те/вас 	molim	Pur favor…	In gràssia	[kŗipaya]	कृपया	Doya kore	Limbissa ngayi	Por favor	paki	Snälla…	Prosím… 	Kiitos 	Prosím… 	Vindamlegast 
Eskerrikasko!	Dhanya wad	Mulţumesc	Yupaychani	sumsum	aguyje	Dieredief!	Chokran! 	谢谢你	xiè xiè nǐ	Xukria! 	Tqadikhch/ Chokran	Pachi!	Ajah rama	Obrigado!	Благодаря!	Danke!	Grazas!	Gràcies 	Merci!	¡Gracias!	Thank you!	Dziękuję!	спасибо / большое спасибо	spasiba / bol’šoe spasiba	Grazie!	¡chukran!	شكرا	Bari mermani   	obrigado	Gracies!	Merci!	Efjaristo! 	Ευχαριστώ!	Teşekkür ederim!	hvala	Дякую!	Köszönöm!	hvala	Хвала! 	hvala	Obrigadu	Grassias	[dhanyavaad]	धन्यवाद	Dhonnobad	Melesí	Gracies	salamat	Tack!	Děkuji moc! 	Kiitos! 	Ďakujem pekne! 	Takk fyrir 
Bai/ Ez	Juntza/ No	Da/ Un 	Ari/ Mana	e/ ank ank (a a)	hêe/ nahániri	Waw / Dedet	Ah, wah, Nǎam/ La	是的/ 不	shìde/ bù	yi jaan/ Najin	Iyyih, Wah/La	Aj, lya/ Jani , janipini , janiwa! 	Aehii/ Al la	Si / Não 	да/ не	Ja/ Nein	Si/ Non	Sí/ No	Oui/ Non	Sí/ No	Yes/ No	Tak/ Nie	да/ нет	Da/ Niet	Sì/ no	naam/ La	نعم/لا	Jee ha(n) / Na	sim/não	Sí/No	Jo / Nee	Ne/ Oji	ναι/ όχι	Evet / Hayır	da/ne	Так/ Ні	Igen/Nem	da/ne	Да/Не! 	da/ne	Sin / Nau	Eja / Nono	[haan] / [nahi]	हां/ नहीं 	Han / Na	Ee/ Té	Sí / Non	oo/hindi	Ja/Nej	Ano/ Ne 	Kyllä/ Ei 	Áno/ Nie 	Já/ Nei 
Zer moduz?	Sanchai? / Tiksa?	Ce faci?                                                               	Imanallatak kanki? 	Bunukane?	mba'éichapa?	Nan nga def?	Kidayar (giz)/ kidayra? (emak)	你好吗？	nǐ hǎo ma?	Tom kese jo?	Mukadgid?/Mamach tajid?	Qunjamaqui?	Nabal da?	Tudo bem?	Как си?	Wie geht's?	Que tal?	Què tal?	Comment ça va?	¿Qué tal?	How are you?	Co Słychać?	как дела?	Kack dela	Come stai?	¿kaif halak?	كيف هلك؟	Ki haal Ae ?           	como esta?	Què tal?	Wéi geet et dir?	Pos ise? 	πώς είσαι;	Nasılsın?	kako si (informal) / kako ste? (formal)	Як ваші справи? 	Hogy vagy?	(formal)kako si(informal) kako ste? (formal)	Како си? 	kako si(informal) kako ste?	Tudu dretu?/ Modi ki bu sta?	Comente istas?	[aap Kaise Hai?]	आप कैसे हैं? 	Apni kemon aChen? / Tumi kemon aCho?	Ndenge nini?	¿Qué tal?	kamusta ka na 	Hur mår du?	Jak se maš? 	Kuinka voit? / Miten menee? 	Ako sa máš? 	Hvað segir þú gott? 
Ondo!	Sanchai!	Bine!	Allilla	Iñjomudikasume	porâ	Bakhna!	Labas / bijir!	好	hǎo	Atcha jun	Mlih	Kusa!	Jamtan!	Bem	Добре	Gut!	Ben!	Bé!	Ça va bien!	¡Bien!	Well! / Fine!	Dobrze!	Хорошо	Harasho	Bene!	¡labas!	أنا بخير الحمد لله	Sei ha(n) (seihá)	estou bem	Bé!	Gutt!	Kala 	καλά! 	Peki! / Güzel!	dobro	Добре!	Jól! 	dobro	Добро! 	dobro	Ben	Bene	[acchā!]	अच्छा! 	Bhalo! 	Malamu, merci!	Bien	mabuti	Bra, tack!	Dobře! 	Hyvin! 	Dobre!	Fínt 
Gaizki!	Rambro chaina!	Rău!	Mana allichu	ilédikasumay	¡ oî vai	Bakhoul!	Machi mazyan/ 	不好	bù hǎo	Bora	Chway waya/Ojig chimlih	Usu!	Mooja!	Mal / Meio mal	Зле	Schlecht/ Nicht so gut	Mal!	Malament!	Mal, ça va pas!	¡Mal!	Bad! / Not good!	Źle!	плохо	Ploha	Male!	¡chein!	لست جيدا	Pherá (p^ærá)	mal!	Mal!	Net gutt!	Oji kala 	όχι καλά!	Kötü! / İyi değil!	slabo	Погано!	Pocsékul/ Nem túl jól 	loše	Лоше! 	slabo	Mal	Male	[karaba]	खराब 	Kharap! / Bhalo noy!	Mabe	Mal	masama	Dåligt!	Špatně! 	Huonosti! 	Zle! 	Ekkert gott
ELKARRIZKETAK (18)																																																					
Zein da zure izena?	Timro nam ke ho?	Cum te cheamă? Cum te numești	Ima shutitak kanki	Karesibu	mba'éicha nde rera?	Nan nga toudou?	Chno smiytak?	你叫什么？	nǐ jiào shénma?	Tomara nom kea je?	Mamach damaqan/Mamach dakaqan?	Kunas sutimaja?	Kohondo wanne indema?	Qual é o teu nome?	Как се казваш?	Wie ist dein Name?	Como te chamas?	Com et dius?	Comment tu t’appelles?	¿Cómo te llamas?	What is your name?	Jak sie nazywasz? / jak masz na imię?	как тебя зовут?	Kack tibia zavut?	Come ti chiami? 	¿ma ismuk?	ما اسمك؟	Tera naa(n) ki Ae	Qual é o seu(teu) nome?	Com et diuen?	Wei heeschs du?	Pos leyese? 	πώς λέγεσαι; 	Adın ne?	kako ti je ime?	Я тебе звати?	Mi a neved? 	kako se zoveš?	Како се зовеш? 	kako ti je ime?	Modi ki bu txoma?	Comente ti mutis?	[Aapka naam kyaa hai?]	आपका नाम क्या है ? 	Apnar nam ki? / Tomar nam ki?	Kombono nani?	¿Cómo te llames?	Ano ang pangalan mo?	Vad heter du?	Jak se jmenuješ? 	Mikä sinun nimesi on? 	Ako sa voláš? 	Hvað heitir þú? 
Nire izena Maitane da	Mero nam Maitane ho.	Mă cheamă Maitane	Ñuka shutimi kan Maitane	Idjé Maitane	Che réra Maitane	Maitane la toudou.	Smiyti Maitane	我叫Maitane	wǒ jiào Maitane	mera nam Maitane je.	Qanay Maitane	Sutijaja Maitanewa.	Medda weeth Maitane.	Meu nome é Maitane.	Казвам се Майтане	Mein Name ist Maitane.	Chámome Maitane.	El meu nom és Maitane	Je m’appelle Maitane	Mi nombre es Maitane	My name is Maitane.	Mam na imie Maitane	меня зовут Майтанэ	Minia zavut Maitane	Il mio nome è Maitane.	Ismi Maitane.	انا مايتاني	Mera naa(n) Maitane Ae	Meu nome é Maitane	El meu nom es Maitane	Ech heeschen Maitane.	To onoma mu ine Maitane 	το όνομά μου είναι Μαιτάνε. 	Benim adım Maitane.	ime mi je Maitane	Мене звати Майтане.	A nevem Maitane	zovem se Maitane	Ѕовем се Маитане. 	ime mi je Maitane	Nha nomi e Maitane. 	Su nùmene meu est Maitane	[Meraa naam Maitane hai.]	मेरा नाममैथाने है । 	Ami Maitane.	Kombonangai Maitane.	El mio nome ye Maitane	Ang pangalan ko ay si Maitane	Jag heter Maitane	Mé jméno je Maitane. 	Nimeni on Maitane. 	Volám sa Maitane. 	Ég heiti Maitane. 
Zenbat urte dituzu?	Timi qati barsa bayaou?	Câți ani ai?	Mashna watatak charinki	Simi sonobu du badje	¿mboy arýpa reguereko?	Gnata at nga am?  	Chal fǎamrak?	你多大了？	nǐ duō dà le?	Tumari umer kia je	Ch hargak nasna?/Ch hargam nasna?	Qauqha maranitasa?	Ko dubbe jello hembuda?	Quantos anos você tem?	На колко си години?	Wie alt bist du?	Cantos anos tes?  	Quants anys tens?	Quel âge as-tu?	¿Cuántos años tienes?  	How old are you?	Ile masz lat?	сколько тебе лет	skolka tibye let	Quanti anni hai?	¿kem andak min aam?  	كم عمرك؟	Tedi umar keni he? (hê)	Qual é a sua idade?	Quants anys tens?	Wei al bass du?	Pia ine i ilikia su? 	ποιά είναι η ηλικία σου; 	Kaç yaşındasınız?	koliko si star (mas) /koliko si stara (fem)	Скільки тобі років?	Hány éves vagy?	koliko ti je godina?	Колико имаш година? 	koliko imaš godina?	Ki idadi bu ten?/ Kantu anu ki bu ten?	Cantos annos tenes? 	[Aapkee umar kyaa hai?]	आपकी उमर क्या है? 	Apnar boyos koto? / Tomar boyos koto?	Ozana mbula nini?	¿Cuántos años tienes?	Ilan taon ka na?	Hur gammal är du?	Kolik je ti let? 	Kuinka vanha olet?	Koľko máš rokov? 	Hvað ertu gömul? 
Nik 28 urte ditut. Eta zuk?	Mo bis barsa pugi, timi?	Am 28 de ani, și tu?	Ishkay 28 watata charini. Kanka?	Idjé 28. Aw pop?	Aguereko mokói pa poapy  ary. ¿ha nde?	Gnar 28 la am. Yow nak?	Ǎandi 28 ǎam. Wanta?/Wanti?	我二十八了,你呢？	wǒ èrshíbā le, nǐ ne?	Meri umer 28 saal je. Oor tum?	Gaya dmanya oǎa chrinsna, I chak/I cham?	Patunta kimsaqalqu maranitwa, jumasti?	Meehko dubbe 28 di meeh hembi. An ndo?	Eu tenho 28 anos, e você?	На 28.А, ти?	Ich bin 28 Jahre alt. Und du?	Teño vinte e oito anos. E ti?	Tinc 28 anys. I tu?	J’ai 28 ans. Et toi?	Tengo 28 años. ¿Y tú?	I am 28 years old. And you?	Mam 28 lat, a ty?	мне двадцать восемь лет, а тебе?	Mne dvadtsat'  vosem liet, a tibie?	Ho 28 anni. E te?	Ana andi 28 aam ¿wa anta?	عندي ثمانية و عشرين عاما! و انت؟	Me 28 saal da ha (hâ). Hor too? 	Tenho 28 anos. E voçe?	Tincn 28. I tu?	Ech sinn 28 Joer al. An du?	Ime ikosiojto (28) jronon. Kesi?	Είμαι εικοσιοχτώ (28) χρονών. Και εσύ;	Ben 28 yaşındayım. Ya sen?	28 let imam. Pa ti?	Мені 28 років, а тобі?	28 éves vagyok. És te?	28 mi je godina. A tebi?	Имам 28 година. А ти? 	imam 28 godina. A ti?	N ten 28 anu, y bo?	Deo apo 28 annos. E tue?	[Mein 28 saal ka hoon. Aur aap?]	मैं अट्ठाईस साल का हुँ- की हुँ ? 	Amar boyos 28. Apnar? / Tomar?	Naza 28 ans. Ebongo uo?	Tengo 28 años. ¿Y tú?	dalawampu't walo ang edad ko	Jag är 28 år. Och du?	Je mi 28 let. A tobě? 	Olen 28 vuotta vanha. Entä sinä? 	Mám 28 rokov. A ty?	Ég er 28 ára. En þú?
Nongoa zara?	Kajan baato, aun un bayao?	De unde ești?	Maymantatak kanki	Bay du kiné	mamoyguápa nde ?	Fo  thiossano?	Mnin nta?	你是从那里来的？	nǐ shì cong nǎ​lǐ​ lai de?	Tum koaha see jo?	Manis chak/ Manis cham	Kaukatatasa?	Kohonto wadda jossan ma?	De onde você é?	От къде си?	Woher kommst du?	De onde es? 	D’on ets?	D’oú es-tu?	¿De dónde eres?	Where are you from?	Skąd jesteś?	откуда ты?	otkuda  ti?	Di dove sei?	¿min emnein anta?	من اين انت؟	Tu kit'te da hen? (hên)	De onde você é?	D'on eres?	Vu wou bass du? / Wou kenns du hier?	Apo pu ise? 	από πού είσαι; 	Nerelisin?	od kod si?	Звідки ти?	Honnan jöttél?	odakle si?	Одакле си? 	od kuda si?	Bo e d' undi?	De cale bidda ses?	[Aap kahaan sey hain?]	आप कहाँ से हैं ?	Apnar barhi kothay? / Tomar barhi kothay?	Oza mutu ya mboka nini?	¿D'ónde yes?	Taga saan ka?	Varifrån kommer du?	Odkud jsi? 	Mistä olet (kotoisin)? 	Odkiaľsi?	Hvaðan ertu? 
Ni Basaurikoa naiz.	Mo Basauri baato ako.	Eu sunt din Basauri	Basauri llaktamanta kani	Idjé ata Basauri.	Che aiko Basauripe.	Man Basauri la thiossano.	Ana Man Basauri	我是从Basauri来的	wǒ shì cong Basauri lai de	Me Basauri see jun	Nach zi Basauri.	Nayaja Basauritatwa	Meehko Basauri naajo.	Eu sou do Basauri.	От Басаури съм	Ich komme aus Basauri.	Son de Basauri.	Sóc de Basauri	Je suis de Basauri	Soy de Basauri.	I am from Basauri.	Jestem z Basauri	я из Базаури	Ya iz Basauri	Io sono di Basauri.	Ana min Basauri.	انا من باساوري	Mai(n) Basauri da/de ha(n)	Sou de Beasauri	Soc de Basauri.	Ech komme vun Basauri.	Ime apo tin Basauri 	είμαι από την Μπασάουρη.	Ben Basauri'den geliyorum./ Ben Basaurilyim.	sem iz Basaurija.	Я з Басаурі.	Bausariból jöttem 	Iz Basaurija sam.	Ја сам из Басурија. 	Iz Basaurija sam.	Ami / mi e di Basouri.	Deo so de Basauri.	[Mein Basauri se hoon.]	मैं बसौरी से हुँ । 	Amar barhi Basauri.	Naza mutu ya Basauri.	Soi te Basauri	Taga Basauri ako	Jag är från Basauri.	Jsem z Basauri.	Olen (kotoisin) Basaurista. 	Som z Basauri. 	Ég er frá Basauri. 
Non bizi zara?	Kan basou?	Unde stai?	Maypitak kawsanki	Bay du kiné	¿Moôpa reiko?	Fo dekk?	Fin katskan? / Katsakni?	你住哪里？	nǐ zhù nǎ​lǐ​?	Tum kajan rete jo?	Mani dzadgad?	Kaukanja qamasta?	Kohonto jeyee da?/ Kohonto hoduda?	Onde você mora?	Къде живееш?	Wo lebst/ wohnst du?	Onde vives?	On vius?	Où habites –tu?	¿Dónde vives?	Where do you live?	Gdzie mieszkasz?	где ты живёшь?	gdye ti jiviosh?	Dove abiti?	¿emnein teskin?	اين تسكن؟ / اين تسكنين؟	Too(n) kithey rahna Ae	onde voçe mora?	On vius?	Wou wunns du?	Pu menis? 	Πού μένεις;	Nerede yaşıyorsun?	kje živiš?	Де ти жевеш?	Hol élsz/laksz?	gde živiš?	Где живиш?	gdje živiš?	Undi bu ta mora?	Ube bives?	[Aap kahaan rehtey hain?]	आप कहाँ रहते हैं ? 	Apni kothay thaken? / Tumi kothay thako?	Ovanda ka wapi?	¿Ónde vives?	Saan ka nakatira?	Var bor du?	Kde bydlíš? 	Missä asut? 	Kde bývaš? 	Hvar áttu heima? 
Ni Aretxabaletan bizi naiz.	Mo Aretxabaleta moa boasu.	Eu stau in Aretxabaleta.	Aretxabaleta llaktapi kawsani	Aretxabaleta ikiné	Aiko Aretxabaletape.	Aretxabaleta la dekk.	Sakan/Sakna f Aretxabaleta.	我住在 Aretxabaleta	wǒ zhù zài Aretxabaleta	me aretxabaleta reta jun	Zadgag gi Aretxabaleta.	Nayaja Aretxabaletanwa qamasta	Meeh ko Aretxabaletan meeh hoddi.	Eu moro em Aretxabaleta.	Живея в Аречебалета	Ich lebe/wohne in Aretxabaleta.	Vivo en Aretxabaleta.	Visc a Aretxabaleta	J'habite à Aretxabaleta	Vivo en Aretxabaleta.	I live in Aretxabaleta.	Mieszkam w Aretxabaleta	я живу в Артчебалета	Ya jivu v Aretxabaleta	Io Abito a Aretxabaleta.	Neskin fi layun.	اسكن في اريتشاباليتا	Mai(n) Aretxabaleta rehna Aa(n)	Eu moro em Aretxabaleta	Visc en Aretxabaleta.	Ech wunnen zu Aretxabaleta.	Meno stin Aretxabaleta.	μένω στην Αρετσαμπαλέτα.	Ben Aretxabaleta yaşıyorum.	živim v Aretxabaleti.	Я живу в Аречабалеті.	Én Aretxabaletában élek/lakom	živim u Aretxabaleti.	Живим у Аретшабалета. 	živim u Aretxabaleti.	N ta mora na Aretxabaleta	Deo bivo in Aretxabaleta	[Mein Aretxabaleta rehtaa/rehtee(fem.) hoon]	में आरेटक्षाबालेटा रहती हुँ । 	Ami Aretxabaleta te thaki.	Na vanda ka na Aretxabaleta.	Vivu en Aretxabaleta	Tumitira ako sa Aretxabaleta	Jag bor I Aretxabaleta.	Bydlim v Aretxabaleta. 	Asun Aretxabaletassa.	Bývam v Aretxabaleta. I live in Aretxabaleta.	Ég bý í Aretxabaleta.
Badakizu euskaraz?	Euskara boltszo?	Vorbești bască?	Euskera shimipi rimankichu	Du Sankene Ku basque	¿Re ñe´e kuaa euskara?	Deg na Basque?	Katahdar/Kathadri lbaskiya?	你会说巴斯克语马？ 	nǐ huì shuō "basike"yǔ má?	Tum basque bool sakte jo?	Dassawarad da bascosz?	Cascot parltati?	Ah lebbat Euskara?	Você sabe Euskera?	Говориш ли Баски?	Sprichst du Baskisch?	Falas éuscaro?	Saps euskera?	Parles-tu basque?	¿Hablas euskara?	Do you speak Basque?	Mówisz po Baskijsku?	ты говоришь на баскском?	ti govorish na baskskom?	Parli basco?	¿titkelem  euskara?	تتكلّم بلّغة الأوسكارا؟	Tu djarne hê euskera?	você fala espanhol?	Parles Euskara?	Schwätz du Baskesch?	Xeris baskika? 	ξέρεις βασκικά; 	Baskça konuşuyor musunuz?	govoriš baskovsko?	Ти розмовляешь Баскійською?	Beszélsz baszkul?	govoriš li baskovski?	Говориш ли баскијски? 	govoriš li baskovski?	Bu ta papia basku?	A faveddas su bascu?	[kyaa aap euskara mein baat kar saktey hain?]	क्या आप एउसकेरा में बात कर सकते हैं ?	Apni ki basque?	O lobaka Basco?	¿Fales vascu?	Nag-sasalita kaba nang Euskera	Talar du Baskiska?	Mluviš baskicky? 	Puhutko Baskia? 	Hovoríš baskicky? 	Talar þú baskamál? 
Bai, pixka bat!	Uo, oli kati.	Da, un pic.	Ari, ashata	E, tita	Hêe, sa'i.	Waw, touti.	Chwiya	会讲一点	huì jiǎng yīdiǎn	Aah, tori	Chihaja	Jisa, ma juk'ita!	Ayee, sedda.	Sim, um pouquinho	Да,малко	Ja, ein bisschen!	Si, un pouco.	Sí, una mica	Oui, un peu	Sí, un poco.	Yes, a little bit.	Tak, troszeczkę / Tak, trochę	да Немного!	Da, nimnoga!	Si, un po’!	Naam echuay	نعم قليلا	Dji hâ, tori dji.	sim, um pouco	Sí, un poc.	Jo, e bëssen.	Ne, merika! 	ναι, μερικά.	Evet, biraz.	da, nekoliko	Так, трохи.	Igen, egy kicsit	da, malo	Да, помало! 	da, malo	Sin, un poku (-inhu)	Eja, unu pacu!!	[haan, bus thodaasaa.]	हाँ बस थोडासा। 	Han, ektu.	Oui, muke muke!	Sí, un pocu	oo kaunti lang	Ja, lite grann.	Ano, trochu	Kyllä, hieman. 	Áno, trochu. 	Já, smá! 
Egarri naiz.	Tsu go ttiu?	Vrei apă?	Yakuta munani	Dumangmang mumel	Reipota  y?	Ndokh nga beugue?	Bgit lma?	你要不要水？	nǐ yào bù yào shǔi	Tum ko pani txajie?	Azug aman?	Uma muntati?	Meeda yedde dyamm?	Você aceita água?	Искаш ли вода?	Willst du etwas Wasser?	Queres auga?	Vols aigua?	Est-ce que tu veux de l’eau?	¿Quieres agua?	Do you want some water?	Chcesz wody?	хочешь пить	hochesh pit'	Ho bisogno di una casa.	bagui elmaa	تريد ماء؟	Ten'nu pani chayi da e?	quer água?	Vols aigua?	Wëlls du Waasser?	Thelis nero?	Θέλεις νερό; 	Su ister misin?	bi vodo?	Ти хочеш води?	Kérsz vizet?	hoćeš vodu?	Желиш ли воде? 	hoćeš vodu?	Bu ta seta agu?	A nde cheres de abba?		तुम को पानी चाहिये? 	Apni ki kichu pani chan?		¿Quies agua?	gusto mong tubig?	Vill du ha lite vatten?	Chceš trochu vody? 	Haluaisitko vettä? 	Chceš trochu vody?	Viltu vatn? 
Nahi duzu ura?	Nala loba lasun	Mi-e foame	Yarikayta charini	Bajar busofam (batxar busofam)	Che ñembyahýi	Dama hif.	Fiya jouǎ	我饿	wǒ è	mugiebuuk legi je.	Jozag.	Manqat autjitu	Meedo wella/ meedo higga.	Estou com fome	Гладен/дна съм	Ich bin hungrig/ Ich habe Hunger	Teño fame.	Tinc gana	J’ai faim	Tengo hambre	I am hungry.	Jestem głodny	я голодный	Ya golodniy	Ho sete!	chian bagui nawkal	انا جائع	Min bhuk lagi e	estou com fome	Tinc fam	Ech hunn Honger.	Pinao 	Πεινάω 	Açım.	lačen sem (m.) / lačna sem (f.)	Я  хочу їсти.	Éhes vagyok 	gladan sam (m.) / gladna sam (f.)	Гладан сам 	gladan sam (m.) / gladna sam (f.)	N teni fomi / N sta ku fomi	Tenzo gana		मुज़ेः भूक लुगी है 	Ami khudharto. / Amar Khida peyeche.		Tengo fame	na-gugutum ako	Jag är hungrig	mám hlad.	Olen nälkäinen. 	Mám hlad. 	Ég er svöng/svangur?
Gose naiz.	Ttu rum la gsian koittiu?	Vrei pâine?	Tantata munani	Dumangmang fubur	Reipota mbujape?	Beugue nga mburu?	Bgit ljobz?	你要不要面包？	nǐ yào bù yào miànbāo?	Tum ko roti txajie?	Azog agrom?	T'ant'a muntati?	Buru meeh yedde?	Você aceita pão?	Искаш ли хляб	Willst du etwas Brot?	Queres pan?	Vols pà?	Est-ce que tu veux du pain?	¿Quieres pan?	Do you want some bread?	Chcesz chleba?	хочешь хлеба	hochesh hlieba	Vuoi dell'(some means dell) acqua?	bagui lejbis	تريد خبزا؟	Ten'nu rooti chayi di e?	quer pão?	Vols pa?	Wëlls du Brout?	Thelis psomi?	Θέλεις ψωμί; 	Biraz ekmek ister misin?	bi kruh?	Ти хочеш хліба?	Kérsz kenyeret? 	hoćeš hleb?	Желиш ли хлеба? 	hoćeš kruha?	Bu ta seta pon?	A nde cheres de pane?		तुम को रोटी चाहिये? 	Apni ki kichu ruti chan?		¿Quies pan?	gusto mong ang pan?	Vill du ha lite bröd?	Chceš chleba? 	Haluaisitko leipää? 	Chceš chleba? 	Viltu brauð?
Nahi duzu ogia?	Nala tenyi gasum.	Mi-e frig.	Chirita charini	Di jilenjilen	Che ro'y 	Dama liw.	Jani lbard.	我觉得很冷	wǒ juéde hěnlěng	me tenda jun.	Oqay osammid.	Thaijituwa	Meeda jahga.	Tenho frio	Студено ми е	Mir ist kalt	Teño frío.	Tinc fred	J’ai froid	Tengo frío	I am cold.	Jest mi zimno	мне холодно	Mnie holodno	Ho fame!	berdan	انا الباريدة	Men'nu sardi lagi e	estou com frio	Tinc fret	Mir ass kal.	Kriono	Κρυώνω	Üşüdüm.	zebe me	Мені холодно.	Fázok. 	zima mi je	Зима ми је. 	hladno mi je	N teni friu / N sta ku friu	Tenzo fritu		मैं ठंडा हूँ 	Amar thanda legeChe.		Tengo fríu	nilalamig ako	Jag fryser.	Je mi zima. 	Minulla on kylmä. 	Je mi zima. 	Mér er kalt. 
Hotza daukat.	Nala gutsuba lasum	Mi-e cald	Rupayta charini	Di boliboli	Che mbyry'ái	Dama tang.	Jali sahd.	我很热	wǒ hěn rè	Me garam jun.	Iqsay rahmo.	Juntjituwa	Meeda hullah.	Tenho calor	Топло ми е	Mir ist heiß	Teño calor.	Tinc calor	J’ai chaud	Tengo calor	I am hot.	Jest mi gorąco	мне тепло	Mnie teplo	Vuoi del pane?	hamyan	انا السّاخنة	Men'nu garmi lagi e	estou com calor	Tinc calor	Mir ass waarm.	Zestenome	Ζεσταίνομαι 	Isındım.	vroče mi je	Мені жарко.	Melegem van. 	vruće mi je	Вруће ми је. 	vruće mi je	N teni kalor / N sta ku kalor	Tenzo calore		मैं गर्म हूँ 	Amar gorom legeChe.		Tengo calor	naiinitan ako	Jag är varm.	Je mi horko. 	Minulla on kuuma. 	Je mi teplo.	Mér er heitt.
Bero daukat.	Tsuo bayi galsum?	Ce ora este? 	Ima pachatak kan	Ewey yey du baje?	Mbae aravo ko'ága?	Ban wakhtou?	chhal ssaǎa?	现在几点？	xiànzài jī diǎn?	Uagat kia jua je?	Maxhar dsaăat	Kuna urasa	Waj to hog kojellou?	Que hora são?	Колко е часът?	Wie spät ist es?	Que hora é?	Quina hora és?	Quelle heure est-il?	¿Qué hora es?	What time is it?	Która jest godzina?	сколько времени	skol'ko vremeni	Ho freddo!	semin saa	كم الوقت؟	Ki waqat e?	que horas são?	Quina hora és?	Wéi vill Auer ass et?	Ti ora ine?	Τι ώρα είναι; 	Saat kaç?	koliko je ura	Котра година?	Hány óra van? 	koliko je sati	Колико је сати? 	koliko je sati	Kantu ora sta?	Ite ora est?		कितने बजे नैं? 	Koyta bajai?		¿Qué hora ye?	anong oras na?	Hur mycket är klockan?	Kolik je hodin?	Paljonk kello on? 	Koľko je hodín? 	Hvað er klukkan? 
Zer ordu da?	Dilo galsum.	Este târziu	Ña chishimi	Fitilei	asaje   	Dafa nadj.	Mcha lhal	现在晚	xiànzài wǎn	Ye der se je.	Iǎdarhar.	Jaiphujiwa	Nebbe.	É / Está tarde	Късно е.	Es ist schon spät	É tarde.	És tard	C’est tard/ il est tard	Es tarde.	It is late.	Jest późno	поздно	Pozdno	Ho caldo!	mitaajar alhal	أخّرا	Der ho gai e	é tarde	Es tart	Et ass spéit	Ine arga	Είναι αργα 	Geç oldu.	pozno je	Пізно.	Késő van. 	kasno je	Касно је. 	kasno je	Sta tardi.	Tardu est		यह देर से है 	Deri hoye geChe.		Ye tarde	hapon na	Det är sent.	To je pozdě. 	On myöhäistä. 	To je neskoro. 	Það er seint. 
Berandu da.	Tibu.	Este devreme	Chayrak	C’est tôt	Voi	Tell na.	Mazal lhal	现在还早	xiàn zài hái zǎo 	Ye gialdi je.	Ǎadrhar.	Alwatawa	Bem bem la oow.	É / Está cedo	Рано е.	Es ist noch früh	É pronto.	És aviat	C’est tôt/ il est tôt	Es pronto.	It is early.	Jest wcześnie	рано	Rano	Che ore sono?	mazal bikri	بكّرا	Jaldi e	é cedo	Es pronte	Et ass fréi	Ine noris	Είναι νωρίς 	Erken.	zgodaj je	Рано.	Korán van.	rano je	Рано је. 	rano je	Sta sedu.	Chito est		यह पूर्व से है 	Ekhono somoy hoyni.		Ye prestu	maaga pa	Det är tidigt.	To je brzy. 	On aikaista.	To je skoro. 	Það er snemma.
LEKUA (20)																																																					
Non dago komuna?	Toilette soutsa laeia?	Unde este baia?	Maypitak ishpana ukuka	Tanku sanemy	¿ moôpa oî  jakuaruha?	Fanla wanak bi nekk?	Fin lhamam / fin kayna toilet?	洗手间在哪里？	xǐshǒujiān zài nǎ​lǐ​?	Betul jala kajan je?	Mani ijja lbitlma?	Kaukanquisa wañuja?	Kohonto hurgo hog wonne?	Onde está o banheiro?	Къде е банята? 	Wo sind die Toiletten?	Onde está o váter/lavabo?	On està el bany?	Où sont les toilettes?	¿Dónde está el baño?	Where is the toilet?	Gdzie jest toaleta?	где туалет?	gdie tualet?	Dove è il bagno?	¿imnein beit elma?	اين الحمّام؟	Baat kit'te hê?	onde fica/esta a biblioteca?	On està el bany?	Wou sinn d'Toiletten?	Pu ine i tualeta? 	πού είναι η τουαλέτα; 	Tuvalet nerede?	kje je stranišče?	Де знаходится туалет?	Hol a mosdó / WC?	gde je toalet?	Где се налази тоалет? 	gdje je toalet?	Undi Kasa banhu ta fika? / Undi k'e kasa banhu?	In ube est su còmodu?	[śaucaghara kahaan hai?]	शौचघर कहां है? 	Toilet-ti kothay?	W.C eaz wapi?	¿Ú el bañu?	Asan ang cr?	Var finns toaletterna?	Kde jsou toalety? 	Missä on vessa? 	Kde sú toalety? 	Hvar er klósettið? 
Udaletxearen ondoan.	Noayik noger pauk.	Lângă primarie.	Kitilli manñapimi	Idje ikiné tanku garé wyitaw	Ayuntamiento ykére.	Wetou Penthi bi.	Hda l baladiya	在市政厅的旁边	zài shìzhèngtīng de pángbiān		Ttaf  nalbaladiya.	Ayuntamiento larunquiwa	Takko suddu Jarragah.	Ao lado da Prefeitura	До кметството	(Sie ist) neben dem Rathaus.	Á carón da casa do concello.	Al costat de l’ajuntament	À coté de la Mairie	Al lado del ayuntamiento.	(It is) near the town hall.	Obok urzędu miasta	рядом с мэрией	Riadam s meriyei	Vicino al comune.	Hada albaladiya	قريبة من دار البلدية	Bal dia de nere 	do lado da prefeitura	Al costat de l'ajuntament.	Nieft der Gemeng.	Dipla sto dimarjio 	δίπλα στο δημαρχείο.	Belediye binasının yakınında.	blizu občine	Вона біля міської ратуші.	A városháza mellett	blizu opštine	Поред општине.	blizu županije	Na ladu di Prefetura	A curtzu a su comune	[nagara-bavan ke pass hain]	नगर-भवन के पास है ।	Iha shohorer kaChe.	Pembeni ya commune	Al llau del conceyu	Katabi nang City Hall	Det är nära stadskontoret.	Je v blízkosti radnice 	Se on kaupungintalon lähellä. 	Je v blízkosti radnice 	(það er) náloegt ráðhúsinu. 
Dana zuzen	Orkopati	Drept înainte 	Tukuy chimpaman	u djaw		Sa kanam.	Nichan	一直走	yīzhi(zǒu)	sidja	Nichan		Ye somma.	Todo recto  	направо	Geradeaus	Todo recto. / Todo dereito.	Tot recte 	Tout droit	Todo recto.	Straight on	Prosto	Прямо	Priamo	Tutto dritto	Tem mesagam	إلى الأمام مباشرة	Sedha	tudo reto	Tot recte.	Riicht aus.	Olo efthia 	όλο ευθεία	düz	naravnost	Попереду	Egyenesen	pravo	Само право! 	ravno	Tudu retu	Semper a innantis	[seedhey jaaey!]	सीधे जाएँ 	Soja samne	Nionso semba	Tou rectu	basta derecho	Rakt fram	Rovně 	Suoraan edessäpäin 	Rovno 	Beint áfram. 
Eskuinean	Daia	la dreapta	Allawkaman/ alliman	kamay	Akatúape	Sa ndey dior.	F Liman	右边	yòubiān	dein / jak	Dafosi	Kupi tuqi	Yungoma ñamo.	À direita 	надясно	Rechts	Á dereita	A la dreta 	À droite	A la derecha.	To the right	Na Prawo	направо	Na pravo	A destra	ila alyamin	الى اليمين	Sajjey pase	à direita	A la dreta.	No riets.	Sta deksia 	στα δεξιά	sağa	desno	Праворуч	Jobbra	desno	Са десне стране.	desno	Pa ndreta	A dereta	[dānyae mudiye]	दाएँ मुडिए 	Dandike	Na mobali	A la derecha	kanan	Till höger	Doprava 	Oikealla 	Doprava 	Til hoegri 
Ezkerrean	Baia	la stânga	Llukiman	kalir	Asúpe	Sa thiamogn.	F Lisar	左边	zǔobiān	bean / txorja	Dazarmad	Ch’iqa tuqi	yungoma nano.	À esquerda	наляво	Links	Á esquerda	A l’esquerra	À gauche	A la izquierda.	To the left	Na lewo	налево	Na lievo	A sinistra	ila alyaasar	الى اليسار	Khabe pase	à esquerda	A l'esquerra.	No lenks.	Sta aristera 	στα αριστερά	sola	levo	Ліворуч	Balra	levo	Са леве стране	lijevo	Pa skerda	A manca	[bānyae mudiye]	बाएँ-दाएँ मुडिए । 	Bamdike	Na mwasi 	A la izquierda	kaliwa	Till vänster	Doleva 	Vasemmalla 	Doľava 	Til vinstri 
Goian 	Mati	Sus	Hawa	fatiya (fatia)	Yvate	Thi kaw	Lfoq	上（面）	shàng(miàn)	opar	Adaraǎ	… patxa/ aläpata	Dou.	Acima 	на горния етаж / над	Oben	Arriba	Dalt	En haut	Arriba	Upstairs, up	U góry/ Na górze	наверху	naverhu	Sopra	alfaug	فوق	Ut'te	acima	Amunt / dalt	Traapen erop, erop	Pano 	Πάνω	Üst katta, yukarı	zgoraj	Вгорі	Fent, fel	gore	Изнад.	gore	Riba	Susu	[upar]	ऊपरी 	Uportola, upor	Likoló 	Enriba	sa ibabaw	Uppe, upp	Nahoře, nahoru. 	Yläkerrassa, ylhäällä 	Hore	Uppi 
Behean	Taala	Jos	Ura	tentam	Yvýpe	Thi souf	Ltaht	下（面）	xià(miàn)	nitxe	Awadday	Manqhata	Ley.	Abaixo 	Надолу / по-долу	Unten	Abaixo	Baix	En bas	Abajo	Downstairs, down	Na dole	внизу	Vnizu	Sotto	athat	تحت	Tal'le	abaixo	Baix	Traapen erof, erof	Kato 	Κάτω 	Alt katta, aşağı	spodaj	Внизу	Lent, le	dole	Испод. 	dolje	Baxu	Suta	[neeche]	नीचे 	Nictola, nich	Na se 	Embaxo	 sa ilalim	Nere, ner	Dolů 	Alakerrassa, alhaalla 	Dole 	Niðri 
Atzean	Tulo	Dinainte / înainte	Washa, kipa	u djaw	Hakykuépe	Thi kanam.	Moora			Puxt, Pitxje	Zdaz	Khuysäxa	Ba hooma	Detrás 	зад	Gegenüber	Detrás, atrás	Davant	Derrière	Detrás, atrás	Behind	Z tylu / Do tylu	за	Za	Dietro	alauwra	أمام	Pit'tte	detrás, atrás	Darrere, arrere	Virun, vir	Piso 	Πίσω	arkasında	zadaj	Позаду	Mögött 	pozadi, straga	Назад! 	iza	Traz	Ainnantis	[pīchē kī ōra]	पीछे की ओर 	Pechone	Na Libosó 	Detrás / tras	sa ligod	Bakom	V přední části 	Takana Behind	V prednej časti 	bak 
Aurrean 	Saanu	Înapoi/ în spate	Ñawpakman	balamuk	Henondépe 	Sa guinaw	Kouddam 			Age	Dijamin	Jilankiri	Yee soma	Diante  	преди	Hinter	Diante 	Darrere                                                                                                                                                     	Devant	Delante 	In front	Na przeciwko	перед	pered	Davanti 	elguidam 	خلف	Ag'ge	diante	Davant	Derhannert, hannert	Brosta 	Μπροστά	önünde	spredaj	Попереду	Előtt	ispred	Напред! 	naprijed	Frenti	In daesecus	[sāmanē]	सामने 	Samne	Na sima 	Delantre / alantre	sa harap	Framför	Za	Edessä 	Za 	framan 
																																																					
Taberna	Bar	Bar	Upyana wasi	Tankurané		Bar	Lbar	酒吧	jǐubā	bar	R qahwa	Manqaña uta	Barr	Taverna	Бар	Bar, Pub	Bar	Bar                                                                                                                                                        	Bar - Bistro	Bar	Bar, pub	Bar	Бар, паб, бистро, таверна	bar, pab, bistro, taverna	I LUOGHI COMUNI	gauha	مقهة	Kho kha	bar	Bar	Bar	Bar 	μπαρ 	Bar, pub	bar, gostilna	Бар	Söröző	bife, kafana	Бар. 	bife, kafić, gostiona	Bar/ Taberna	Tzilleri	[sabanearan]	शराबखाना 	Bar	 Bar 	Bar	Bar	Bar	bar, hospoda 	Baari, pubi 	bar, krčma 	Bar, pöbb
Harategia	Gosh	Măcelarie	Aycha ruray	Tankunome elivey	So´o ñemuha	Fiy diay yap	L majzara / lguezzar 	肉铺	ròu pù 	kasaab/ goox t ki dokan	Dagazzaz	Aycha aljaña uta	Teew ko yeyeteh	Açougue	Месарница	Fleischerei	Carnicería / Carnizaría	Carnisseria	Boucherie	Carnicería	Butchers	Sklep Mięsny	мясная лавка	miasnaya lavka	Bar	gazdra	مجزرة	Kassai	Açougue	Carnisseria	Metzlerei	Kreopolio 	κρεοπωλείο 	Kasaplar	mesnica	М`ясна лавка	Húsbolt/hentes	mesara	Месара. 	mesnica	Sogri	Maselleria	[kasai]	कसाई 	Kosaikhana	Esika batekaka ngombe 	Carnicería	Pamilihan ng karne	Slaktare	řezník 	Lihakauppa 	mäsiar 	Kjötbúð 
Arrandegia  	Matsa pasal	Pescarie	Chalwa katuy	Tankunome siwol	Pira ñemuha	Fiy diay djen	Plasa dyal lhout /lmahal dyal lhout 	鱼店	yú diàn 	matxili ki dokan	Plasa i sarman	Challwa aljaña uta	Leege ko yeyeteh	Peixaria	Рибарница	Fischgeschäft	Peixería / Peixaría	Peixateria	Poissonnerie	Pescadería	Fish shop	Sklep Rybny	рыбный магазин	Ribniy magazin	Macellaio	mahal alhut	سوق السمك	Machi de hatti  (hatti=denda)	peixaria	Pescateria	Fëschbuttek	Ikthiopolio	ιχθυοπωλείο	Balık dükkanı	ribarnica	Рибна крамниця	Halárus	ribarnica	Рибарница. 	ribarnica	Pexaria	Piscadoria	[macali ka dukaan]	मछली का दुकान 	MaCher dokan	Esika batekaka mpiodi 	Pescadería	Pamilihan ng isda	Fiskbutik	Rybárna 	Kalakauppa 	Rybáreň 	Fiskbúð 
Liburu denda    	Pushta kalai	Librărie	Kamuyuk	Tankunome wuyitaw	kuatia renda	Fiy diay tere yi	L maktaba	书店	shūdiàn	getaab ki dokan	Lmaktaba	Libru aljaña uta	Deftere mooftu	Livraria	Книжарница	Buchladen	Librería / Libraría 	Llibreria	Librairie	Librería	Book shop	Księgarnia	книжный магазин	Knijniy magazin	Pescivendolo	maktaba	مكتبة	Kataban de hatti	livraria	Llibrería	Bicherbuttek	vivliopolio	βιβλιοπωλείο	Kitap dükkanı	knjigarna	Книжкова крамниця	Könyvesbolt	knjižara	Књижара. 	knjižara	Livraria	Libreria	[kiwaba ki dukan]	किताब खी दुकान् 	Gronthagar	Esika batekaka mikanda	Llibrería	Library	Bokhandel	Knihupectví 	Kirjakauppa 	Knihupectvo 	Bókabúð 
Epaitegia  	Niaya laya	Judecătorie	Llaki allichik	Kaketul	tekojoja Rogá	Layokay bi	L mahkama	法院	fǎyuàn	adaalat	Lmahkama	Ley luraña uta	Sudu nyeworre	Juizado	Съд	Gericht/ Gerichtsgebäude	Xulgado	Jutjat	Tribunal	Juzgado	Court	Sąd	суд	Sud	Libreria	mahkama	محكمة	Adalat	julgamento 	Jutjat	Geriicht / Tribunal	Dikastirio 	Δικαστήριο 	mahkeme	sodišče	Суд	Bíróság	sud	Суд. 	sud	Tribunal	Tribunale	[nyayalay]	न्यायालय् 	Adalot / Court	Esika ba samba ka 	Xulgáu	Corte	Rätten	Soud 	Tuomioistuin / Oikeus	Súd 	Dómshús 
Anbulatorioa 	Upa soasta chauki	Ambulatoriu	Purikachashpa katuk	Tanku sontenene		Fadioukay bi	Sbitar	医院	yīyuàn	markese sejat	Sapita		Sudu chelall	Posto de saúde	Поликлиника	Ambulanz	Centro de saúde	Ambulatori	Dispensaire	Ambulatorio	Health center	Przychodnia	Диспансер	Dispanser	Tribunale	mustawsaf	جراحة	Sehat markaz (haspital)	ambulatório	Ambulatori	Ambulanz / Klinik	Kliniki 	Κλινική	Sağlık merkezi	ambulanta	Медичний центр	Orvosi szakrendelő	ambulanta	Хитна помоћ. 	ambulanta	Postu di saudi	Ambulatòriu	[salya-kakr]	शल्य 	Shastho kendro	Ambulatoire	Ambulatorio	Ambulance	Hälsocentralen	Poliklinika 	Terveyskeskus 	Poliklinika 	Íþróttahús 
Euskara elkartea  	Euskara sangsta	Asociația bască	Euskera tantanakuy	Tankujemikusanken	ñomopeteî euskera ñe`e	Mbotayou basque yi 	L jamaiya dyal les basques 	巴斯克语社团	basikeyǔ shètuán	basque ki tanziim 	Damasmunt/Ljamaiya i baskosan	Vasco q'utuchawi	Kompin Euskara	Associação do idioma Euskera	Баската Асоциация	Baskischer Verband	Asociación do éuscaro	Associació d’euskera	Association en faveur du basque	Asociación del euskera	Basque association	Stowarzyszenie Baskijskie	баскская ассоциация	Baskskaya associatcia	Ambulatorio	yamiyit  euskera	جامعة بسكية	Euskera di djemaat	Associação d'euskera	Associació	Associatioun fir d'Interessen vum Baskeschen	vaskiki omospondia	Βασκική ομοσπονδεία	Bask derneği	baskovsko društvo	Асоціація Басків	Baszk szövetség	baskovsko društvo	Удружење Баскијаца. 	baskovsko društvo	Asosiason di idioma basku	Sòtziu de sos bascos	[samiwi ka euskera]	किताब खी दुकान् 	Basque shongstha	Association Euskara	Asociación del vascu	Asociacion nga Euskera	Baskiska Föreningen	Baskická společnost 	Baskiyhdistys 	Baskická spoločnosť 	Baskneska félag
Kultur etxea  	Sanskriti baoban	Casa de cultură	kawsaypak wasi	Eloupey tanku sankené kololal	Teko ombojoaju.	keru thiossan bi. 	Dar TaKafa	文化中心	wénhuà zhōng xīn 	sakaafti markas	Darza qafa	Cultura uta	Sudu jassan	Casa da cultura	Културен  дом	Kulturhaus	Casa da cultura	Casa de cultura	Maison de la Culture	Casa de cultura	Culture house	Dom Kultury	дом культуры	Dom kul'turi	Associazione basca / associazione a favore del basco	daar azagafa	دار الثاقفة	Sakafti markaz	casa da cultura	Casa de la cultura	Kulturhaus	Politistiko kendro	Πολιτιστικό κέντρο	Kültür evi	kulturni center	Дом культури	Kultúrház/művelődési ház	kulturni centar	Кућа културе. 	kulturni centar	Kasa di kultura	Domo de cultura.	[samskwi-bavan]	संस्कृति-भवन 	Shongskriti barhi	Ndaku kultura	Casa de cultura	Bahay ng kultura	Kulturhuset	Dům kultury 	Kulttuuritalo 	Dom kultúry 	Menningarhús
Zinema  	Tsaltsitra	Cinema		Tanku jukeremy cinema	ta'angamỹi	Cinema.	Sinima	电影 / 电影院	diànyǐng / diànyǐng yuàn	zinema	Sini	Cine uñchuquiña uta	Zinema	Cinema	Кино	Kino	Cinema	Cinema	Cinéma	Cine	Cinema	Kino	кинотеатр	Kinoteatr	Casa di cultura	daar ard alaflam	السينما	Zinema / hal	Cinema	Cine	Kino	Kinimatografos 	Κινηματογράφος 	sinema	kino	Кіно	Mozi	kino	Биоскоп. 	kino	Sinema	Tzìnema	[sinema]	सिनेमा 	Colochito / Cinema	Cinema 	Cine	cine	Bio	Kino 	Elokuvateatteri 	Kino 	Bíó, kvikmyndahús 
Eliza  	Church	Biserică	Apunchik wasi	Jangu	tupão	Diangu bi.	L kanisa	教堂	jiàotáng	txertx	Lkanisa	Thuquña uta	Église	Igreja	Църква	Kirche	Igrexa	Església	Église	Iglesia	Church	Kościół	церковь	Tcerkov'	Discoteca	kanisa	كنيسة	Girja	igreja	Església	Kierch	Eklisia 	Εκκλησία 	kilise	cerkev	Церква	Templom 	crkva	Црква. 	crkva	Igreja	Crèsia	[guirajagar]	गिरजाघर् 	Girja / Church	ndako ya nzambe 	Ilesia	simbahan	Kyrka	Kostel 	Kirkko 	Kostol 	Kirkja 
Meskita 	Mosyit	Moschee		Tanku salemy	tupão	Diuma bi.   	L masjid / jamaǎ			masgied	Damzida	Diosan utapa	Juma 	Mesquita	Джамия	Moschee	Mesquita	Mesquita	Mosquée	Mezquita	Mosk	Meczet	мечеть	mechet'	Chiesa	maschit	مسجد	Maseet	mesquita	Mesquita	Moschee	Temenos	Τέμενο 	cami	mošeja	Мечеть	Mecset 	mošeja	Џамија.	mošeja	Meskita	Moschea	[masjix]	मस्जिद् 	Masjid	Mosqué 	Mezquita		Moskee	Mešita 	Moskeija 	Mešita 	Moska 
DENBORA (17)																																																					
Gaur 	Aja	Astǎzi	Kunan	Jat	ko ára	Tey	Liom	今天	jīntiān	eej	Nhara	Jichhüru	Handeh	Hoje 	днес	Heute	Hoxe	Avui	Aujourd’hui	Hoy	Today	Dzis/ Dzisiaj	Сегодня	Sivodnia		alyaum	اليوم	Aj	hoje	Hui	Haut	Simera 	Σήμερα 	bugün	danes	Сьогодні	Ma 	danas	Данас.	danas	Hoxi	Oje	[aaj]	आज 	Aj	Lelo 	Güei	ngayon araw	Idag	Dnes 	Tänään 	Dnes 	Í dag 
Atzo	Hijo	Ieri	Kayna	Fuken	kuehe	Demb	Lbarah	昨天	zúotiān	kel	Idanat	masuru	Hanking	Ontem 	вчера	Gestern	Onte	Ahir 	Hier	Ayer	Yesterday	Wczoraj	Вчера	vchera	Oggi	yames	امس	Guzria hoya kal	ontem	Ahir	Gëschter	Ejthes	Εχθές 	dün	včeraj	Вчора	Tegnap 	juče	Јуче. 	jučer	Onti	Deris	[kal]	कल 	Gotokal	Lobi eleki 	Ayeri	kahapon	Igår 	Dcera 	Eilen 	Včera 	Í goer 
Bihar	Bholi	Măine	Kaya	Kajom	ko'ẽrõ	Suba	Gadda	明天	míngtiān	kel	Dodacha	Qhara uru	Jango	Manhã 	утре	Morgen	Mañá	Matí 	Demain	Mañana	Tomorrow	Jutro	Завтра	zavtra	Ieri	esubh	غادا	Aane aala kal	manha	Demà	Muer	Avrio 	Αύριο 	yarın	jutri	Завтра	Holnap 	sutra	Сутра. 	sutra	Manhan	Cras	[kal]	कल 	Agamikal	Lobi ekoya 	Mañana	sa umuga	I morgon	Zítra 	Huomenna 	Zajtra 	Á morgun 
Orain	Ahile	Acum	Kunan	jat	ko'ãga	Legui	Daba	现在	xiànzài	abi/ ab	Rokha	jichha	Jonne	Agora 	сега	Jetzt	Agora	Ara	Maintenant	Ahora	Now	Teraz	сейчас	Seychas	Domani	dark	الان	Hun	agora	Ara	Elo	Tora 	Τώρα 	şimdi	zdaj	Зараз	Most 	sada	Сада. 	sada	Gosi	Como	[ab]	अब 	Ekhon	Sik’oyo 	Agora	ngayon 	Nu	Ted’ 	Nyt 	Teraz 	Núna 
Lehen	Aghi	Ĭnainte de   	Ñawpa	kabiren	mboyve	Boundjiek	Kbal	以前	yǐqián	pejle 	Qbar	Nayrarja 	Folloo	Dantes 	прeди	Vorher	Antes	Abans  	Avant	Antes	Before	Przedtem	Раньше	Ran'she	Adesso	min gabel	قبلة	Pehlan	antes	Avans	Virdrun	Prin 	Πριν 	önce	prej	До	Előtt 	pre	Пре. 	prije	Antis	Innantis	[pehle]	पहले 	Agai	Yambo 	Antes	bago	Tidigare	Před 	Ennen 	Pred 	Áður 
Gero 	Bharai	Mai tǎrziu  	Kipa	Jat	rire	Moudiou 	Manbaad	之后 / 回头	zhīhòu / húitóu	bad	Manbaǎd	Ch’ina	Chgall	Depois 	след	Später	Despois	Després 	Après	Después	Later	Potem	Потом	Patom	Prima	minbaad	بعد	Baad	depois	Després	Dono	Meta 	Μετά 	daha sonra	potem	Після	Után 	posle	После. 	poslije, potom	Dipos	A pustis	[baad]	बाद 	Porai	Sima 	Dempués	pagtapos	Senare	potom 	Myöhemmin 	potom 	Seinna 
																																																					
Astelehena                        	Sombar	Luni	Awaki		Arakôi	Altene 	Latnin	星期一	xīngqíyī	piir/ somvaar                      	Raznayan 	 Phajjsi-uru	Altene	Segunda-feira	Понеделник	Montag	Luns / Segunda feira	Dilluns	Lundi	Lunes	Monday	Poniedziałek	понедельник	Ponidiel'nik		laznein	الاثنين	Peer	Segunda-feira	Dilluns	Méindeg	Deftera 	Δευτέρα 	Pazartesi	ponedeljek	Понеділок	Hétfő 	ponedeljak	понеделјак. 	ponedjeljak	Sigunda Fera	Lunis	[somwaar]	सोमवार 	Shombar	Mukola ya liboso 	Llunes	lunes	Måndag	Pondělí 	maanantai 	Pondelok 	Mánudagur 
Asteartea                         	Monlabar	Marți	Wanra		Araapy	Talaata	Tlat	星期二	xīngqíèr	mangel	Traza 	 Sajjra-uru	Talata	Terça-feira	Вторник	Dienstag	Martes / Terceira feira 	Dimarts	Mardi	Martes 	Tuesday	Wtorek	вторник	Vtornik	Lunedì	zulaza 	الاثلثاء	Mangal	Terça-feira	Dimarts	Dënschdeg	Triti 	Τρίτη 	Salı	torek	Вівторок	Kedd 	utorak	Уторак. 	utorak	Tersa Fera	Martis	[mangalwaar]	मंगलवार 	Mongolbar	mukolo ya mibate 	Martes	martes	Tisdag	Úterý 	tiistai 	Utorok 	Þriðjudagur 
Asteazkena                	Budabar	Miercuri	Chillay		Ararundy	Alarba    	Larbaǎ	星期三	xīngqísān	bodd’                	Rabaǎ 	 Illapa-uru	Allarba	Quarta-feira	Сряда	Mittwoch	Mércores / Corta-Cuarta feira	Dimecres	Mercredi	Miércoles 	Wednesday	Środa	среда	Sreda	Martedì	larbuaa 	الاربعاء	Budh	Quarta-feira	Dimecres	Mëttwoch	Tetarti 	Τετάρτη 	Çarşamba	sreda	Середа	Szerda 	sreda	Среда. 	srijeda	Kuarta Fera	Mèrcuris	[budhwaar]	बुधवार 	Budhbar	Mukolo ya misatu 	Miércoles	miyerkules	Onsdag	Štreda 	keskiviikko 	Streda 	Miðvikudagur 
Osteguna                         	Bhibar	Joi	Kullka		Arapo	Alkhamess / Alxems	Lajmis	星期四	xīngqísì	yiumerat	Rajmis 	 Wara-uru	Alkamessa	Quinta-feira	Четвъртак	Donnerstag	Xoves / Quinta feira	Dijous	Jeudi	Jueves	Thursday	Czwartek	четверг	Chetverg	Mercoledì	jamis	الخميس	Jumeraat	Quinta-feira	Dijous	Donneschdeg	Pempti 	Πέμπτη 	Perşembe	četrtek	Четвер	Csütörtök 	četvrtak	Четвртак. 	četvrtak	Kinta Fera	Zòbia	[guruwaar]	गुरुवार 	Brihospotibar	Mukolo ya mbo 	Xueves	Huwebes	Torsdag	Čtvrtek 	torstai 	Štvrtok 	Fimmtudagur 
Ostirala                           	Sucrabar	Vineri	Chaska		Arapoteî	Aldjiuma / Arjuma	Jamǎa	星期五	xīngqíwǔ	yioma                         	Jamǎa 	 Ch’asca-uru	Aljuma	Sexta-feira	Петък	Freitag	Venres / Sexta feira	Divendres	Vendredi	Viernes	Friday	Piątek	пятница	Piatnitsa	Giovedì	yumua	الجمعة	Jumma	Sexta-feira	Divendres	Freideg	Paraskevi 	Παρασκευή 	Cuma	petek	П'ятниця	Péntek 	petak	Петак. 	petak	Sesta Fera	Chenàpura	[shukrawaar]	शुक्रवार 	Shukrobar	Mukolo ya mitanu 	Vienres	biyernes	Fredag	Patek 	perjantai 	Piatok 	Föstudagur 
Larunbata                        	Sonibar	Sâmbătă	Wacha		Arapokôi	Gawou / Samdi	Sabt	星期六	xīngqílìu	afta                      	Sabz 	 Curmi-uru	Sibite 	Sábado	Събота	Samstag	Sábado	Dissabte	Samedi	Sábado	Saturday	Sobota	суббота	Subbota	Venerdì	sebt	السبت	Hafta	Sábado	Dissabte	Samschdeg	Savvato 	Σάββατο 	Cumartesi	sobota	Субота	Szombat 	subota	Субота. 	subota	Sábadu	Sàpadu	[shaniwaar]	शनिवार 	Shonibar	Mukolo ya motuba 	Sábadu	sabado	Lördag	Sobota 	lauantai 	Sobota 	Laugardagur 
Igandea                       	Aitabar	Duminică	Inti		Arateî	Diber / Dimas	Lhad	星期天	xīngqítiān	etvaar                  	Rhad 	 Inti-uru	Demache	Domingo	Неделя	Sonntag	Domingo	Diumenge	Dimanche	Domingo	Sunday	Niedziela	воскресенье	Boskresieniye	Sabato	lahad	الاحد	Etwar	Domingo	Dumenge	Sonndeg	Kiriaki 	Κυριακή	Pazar	nedelja	Неділя	Vasárnap 	nedelja	Недеља. 	nedjelja	Dia Dumingu	Dumìnica	[raviwaar]	रविवार 	Robibar	Mukolo ya eyenga	Domingu	linggo	Söndag	Neděle 	sunnuntai 	Nedeľa 	Sunnudagur 
																																																					
Negua	Hiunda	Iarnā	Tamyay	Hiver	araro'y	Setde 	Chitaa	冬季	dongjì	mosme serma                          	Rmachta 	 Juyphipacha (ThayaPacha)	Jaholl	Inverno	Зима	Winter	Inverno	Hivern	Hiver	Invierno	Winter	Zima	зима	Zima		chitaa	الشتاء	Sial	Inverno	Ivern	Wanter	jimonas 	Χειμώνας 	kış	zima	Зима	Tél 	zima	Зима. 	zima	Invernu	Iberru	[ H e m a n t a ]	हेमन्तः	Shitkal / Shit	Malili	Hibiernu / Iviernu	taglamig	Vinter	Zima 	Talvi 	Zima 	Vetur 
Udaberria	Basanta nitu	Primăvara	Sisapampa	Printemps	arapoty	Lolli 	Rabiǎ	春天	chūntiān	mosme garma     	Arbiǎ 	 LapacPacha 	Che chelle	Primavera	Есен	Frühling	Primavera	Primavera	Printemps	Primavera	Spring	Wiosna	весна	Vesna	Inverno	arabi	ربيع	Bahaar	Primavera	Primavera	Fréijoer	Aniksi 	Άνοιξη 	bahar	pomlad	Весна	Tavasz 	proleće	Пролеће. 	proljeće	Primavera	Beranu	[Vasanta]	वसन्तः 	Boshontokal / Boshonto		Primavera	tagsibol	Vår	Jaro 	Kevät 	Jar 	Vor 
Uda           	Barrsa	Vară	Inti wayrapacha	Été	arahaku	Tangor  	Sayf	夏季	xiàjì	mosme bajar       	Anabdo	 JalluPacha	Nungu	Verão	Пролет	Sommer	Verán	Estiu	Été	Verano	Summer	Lato	лето	Lieto	Primavera	asaif	صيف	Rora                    	Verão	Estiu	Summer	Kalokeri 	Καλοκαίρι	yaz	poletje	Літо	Nyár 	leto	Лето. 	ljeto	Veron	Istiu	[Grishma]	ग्रीष्मः 	Grismakal / Grisma	Elanga 	Veranu / Branu	tagaraw	Sommar	Léto 	kesäkuu 	Leto 	Sumar 
Udazkena	Sharad nitu	Toamnā	Chiripacha	Automme	ro’y ñepyrũ / Araroguekúi 	Thioron	Ljarif	秋天	qīutiān	mosme yesaan     	Rajrif	 AwtiPacha	Cheddu	Outono	Лято	Herbst	Outono	Tardor	Automne	Otoño	Autumn 	Jesień	осень	Osen'	Estate	aljarif	خريف	Savan bahdra	Outono	Tardor	Hierscht	Fthinoporo 	Φθινόπωρο	sonbahar	jesen	Осінь	ősz 	jesen	Јесен. 	jesen	Otonu	Atonzu	[Sharat]	शरत् 	Shorotkal / Shorot		Tardíu / Seronda	nonexistent	Höst	Podzim 	Syksy 	Jeseň 	Haust 
EZAUGARRIAK (18)																																																					
Polit, eder	Rambri / Sundtri	Frumos/frumoasă/Dragut/ă	Sumak	Ajajak	porã	Refet 	Zwin(giz) / Zwina(emak)	好看 / 妩媚	hǎokàn / wǔmèi	omda/ jubsuret	Dabbah (g)/Tabbahz (e)	Añcha jiwitaqui	Weidi / Laaba	Belo / Lindo	Красив,красива,красивo	Schön, hübsch	Bonito	Bell / Bella	Beau/belle	Bonit@	Beautiful/pretty	Ładny	Красивo	Krasivo	Dopo	zuein/a	جميل	Sohna(n) / Sohni(n)	lindo	Bonic/Bonica	Schéin	Oreo, omorfo 	Ωραίο, όμορφο 	Güzel / güzel	lep (m.) / lepa (f.) / lepo (n.)	Гарний	Szép/Gyönyörű	lep (m.) / lepa (f.) / lepo (n.)	Лепо. 	lijep (m.) / lijepa (f.) / lijepo (n.)	Bunitu	Galanu, ermosu	[khoobsoorat] / [sundar]	ख़ूबसूरत / सुन्दर 	Shundor	kitoko	Guapu / guapa	maganda	Vacker	hezký, pekný 	Kaunis/nätti 	pekný 	Fallegur, Soetur, góður 
Itsusi, zatar	No rambri	Urat/ă		Ajakut	vai	Niaw	Jayab(giz) / Jayba(ema)	丑陋	chǒulòu	ganda/jarab/badsuurat	Daǎafan (g)/ Taǎaffant (e)	Ñaju	Kanni 	Feio	Грозен/на/но	hässlich	Feo	Lleig	Laid (e)	Fe@	Ugly	Brzydki	Некрасиво	Nekrasivo	Bello	ichwein/a	سيئة	Berra/i	feio	Lleig/Lletja	Ellen	Asjimo 	Άσχημο 	çirkin	grd (m.) /grda (f.) / grdo (n.)	Потворний	Csúnya 	ružan (m.) / ružna (f.) / ružno (n.)	Ружно. 	ružan (m.) / ružna (f.) / ružno (n.)	Feiu	Feu	[daraavna] / [badsoorat]	डरावना / बदसूरत 	Bisri	mabe	Feu / fea	mapangit	Ful	ošklivý 	ruma 	škaredý 	Ömurlegur, Ljótur 
Goxo	Mito/ Guilio	Dulce	Michki/mishki	sumsum	he'ẽ	Saf 	Hlo(giz) / Hloa(ema)	甜美	tiánměi	mitta	Dmizid (g)/ Tmizit(e)	Miski	Welli	Doce	Сладък	süß	Doce	Dolç	Doux (douce)	Dulce	sweet	Słodki	сладкий	sladkiy	Brutto	ahlu	حلو	Mitha/i	doce	Dolç	Duuss, séiss	Malako, apalo 	Μαλακό, απαλό 	tatlı	sladek / sladka / sladko	Солодкий	Édes 	sladak / slatka / slatko	Слатко. 	sladak / slatka / slatko	Doxi / Dosi	Durche	[meetha]	मीठा 	Misti	sulali 	Duce	matamis	Söt	sladký 	herttainen 	sladký 	Soetur 
Goiz	Chito	Devreme	Tutamanta	kabrin	voi	Tell	Bakri	早	zǎo	yieldi	Zik	Añchita	Bem bem laloow	Cedo	Рано	früh	Cedo	Aviat	Tôt	Temprano	early	Wcześnie	Рано	Rano	Dolce	bikri	بكّرا	Jaldi	cedo	Enjorn	Fréi	noris 	Νωρίς 	erken	zgodaj	Рано	Korán 	rano	Рано. 	rano	Sedu	Chito	[jaldi]	प्जल्दी 	Taratari / Shokal-shokal / Shigro	Na ngonga 	Ceo	maaga	Tidig 	brzy 	Aikainen, aikaisin 	skoro 	Snemma 
Berandu	Dilo	Târziu	Chishi	kalim	ka´aru	Nadj	Maǎtal	迟	chí	deersee	Iǎdar	Jaiphu	Nebbe	Atrasado	Късно	spät	Tarde	Tard	Tard	Tarde	late	Późno	Поздно	Pozdno	Presto	mitajar	متأخّر	Der	tarde	Tart	Spéit	arga 	Αργά 	geç	pozno	Пізно	Későn 	kasno	Касно. 	kasno	Tardi	Tardu	[der]	देर 	Bilombito / Porai	Sima ngonga 	Tarde	nahuli	Sen	pozdě 	myöhäinen, myöhään	neskoro 	Seint 
Erraza	Sajilo	Ușor	Hawalla	lewaf	ndahasýi	Yombou 	Sahal(giz) / Sahla(ema)	(轻)易	(qīng)yì	asaan	Ishar	Facilaqui	Na yombi	Fácil	Лесно	leicht	Fácil  / Doado	Fàcil	Facile	Fácil	easy	Łatwy	Легко	Liegco	Tardi	heyin	سهل	Sokha/i	fácil	Fàcil	Liicht	efkolo 	Εύκολο 	kolay	lahko, enostavno	Легко	Könnyű 	lako, jednostavno	Лако. 	lako, jednostavno	Fasil	Fàtzile	[aasaan]	आसान 	Shohoj	Ezapasite 	Fácil	madali	Lätt	snadný 	helppo 	ľahký 	Auðvelt 
Zaila	Ofteru	Dificil/greu	Sinchi	teni teni	hasýva	Diaffe  	Sǎib(giz) / Sǎiba(ema)	(艰)难	(jiān)nán	muxkel	Iqsah	Chama	Na meete	Difícil	Трудно	schwierig	Difícil	Difícil	Difficile	Difícil	difficult	Trudny	Трудно	Trudno	Facile	waer	سبع	Okha/i	Difícil	Difícil	Schwéier	diskolo 	Δύσκολο 	zor	težko	Тяжко	Nehéz 	teško	Тешко. 	teško	Difisil	Difìtzile, matanzosu, istragosu.	[mushkil]	मुश्किल 	Kothin	Pasi 	Difícil	mahirap	Svår	težký 	Vaikea 	ťažký 	Erfitt 
Handi	Tulo	Mare	Hatun	rou rouk 	tuicha	Mag / rey	Kbir(giz) / Kbira(ema)	大	dà	be(a)ra	Damaqqan (g)/ Tamaqqant (e)	Jach'a	Nyandi	Grande	Голям/ма/мо	groß	Grande	Gran	Grand 	Grande	big	Duży	Большой	Bol'shoi	Difficile	kabir	كبير	Wadda/i	grande	Grand 	Grouss	megalo 	Μεγάλο 	büyük	velik / velika / veliko	Великий	Nagy 	velik / velika / veliko	Велико. 	velik / velika / veliko	Grandi	Mannu	[badaa]	बडा 	Borho	Munene 	Grande 	malake	Stor	velký 	iso 	veľký 	Stór 
Txiki	Saano	Mic	Uchilla	da titititi	michĩ	Touti 	Sgir(giz)/Sgira(ema)	小	xiǎo	txotaa	Dakoh(g)/ Takohz (e)	Jiskita	Fann di	Pequeno	Малък,малка,малко	klein	Pequeno	Petit	Petit	Pequeñ@	small	Mały	Маленький	Mal'en'kiy	Grande	esgueyir/a	قصير	Nikka/i	pequeñ @	Petit/Petita	Kléng	mikro 	Μικρό 	küçük	majhen / majhna / majhno	Маленький	Kicsi 	mali /mala / malo	Мало. 	mali /mala / malo	Pikinoti	Minore	[chhota]	छोटा 	Choto (Pronounced like big Ch)	Muke 	Pequenu / pequena	maliit	Liten	malý 		malý 	Lítill 
Zahar	Sabai	Bătrân	Ruku/paya	anifane	guaiguĩ  (fem) tuja (masc)	Maguet 	Charaf(giz)/Charfa(ema)	老	lǎo	bura	Awassa (g)/ Dawassaz (e)	Thantha	Noow yee	Velho	Стар/ра/ро	alt	Vello	Vell	Vieux (vieille)	Viej@	old	Stary	Старый	stariy	Piccolo	kahl/a	شيخ	Purana/i	velh@	Vell/Vella	Aal	palio 	Παλιό 	eski	star / stara /staro	Старий	Öreg 	star / stara /staro	Старо. 	star / stara /staro	Bedju	Betzu	[budhdha]	बुढ्ढा 	Briddho	Mukolo 	Vieyu / vieya	matanda	Gammal	starý 	vanha 	starý 	Gamall 
Gazte	Hul	Tânăr	Wamra	agnil (añil)	mitâ	Wokhambane 	Chab(giz)/ Chaba (ema) /"Jeune"	(年)少	(nián)shào	gievan	Ahodri/ Chab	Waina	Suka	Jovem	Млад/да/до	jung	Mozos 	Jove	Jeune	Jóven	young	Młody	Молодой	Molodoy	Vecchio	chab	شاب	Jawan	novo joven	Jove	Jonk	neo 	Νέο 	genç	mlad / mlada / mlado	Молодий	Fiatal 	mlad / mlada / mlado	Младо. 	mlad / mlada / mlado	Joven	Zovanu	[javana]	जवान 	Jubok	Elenge 	Mozu / moza	bata	Ung	mladý 	nuori 	mladý 	Ungur 
Asko	Poisa	Mult	Achka	memek	heta	Bubary 	Bazzaf	很多	hěnduō	boot ziada	Attas/ Bazzaf	Walja	Hew we	Muito	Много	viel	Moito	Molt	Beaucoup	Mucho	a lot, many	Dużo	Много	Mnoga	Giovane	yaser	كثير	Der sara/i 	muito	Molt	Vill	poli	Πολύ 	Bir sürü, bir çok	veliko	Багато	Sok	puno, mnogo	Пуно. 	mnogo	Txeu	Meda	[bahut]	बहुत 	Onek	Mingi 	Enforma	marami	mycket	hodně, mnoho 	Paljon, monta	veľa, mnoho	Mikið, margir 
Gutxi	Tsantsune	Puțin	Asha	tita	sa'i	Bundaw 	Chwiya	很少 ／ （少数）几个	hěnshǎo / (shǎoshù) jǐgè	tora	Chihaja /Chway	Juk'ita	Fanndi	Pouco	Малко	wenig	Pouco	Poc	Peu	Poco	few	Mało	Мало	Malo	Molto	achawai	قليل	Kuja/i	pouco	Poc	Wéineg	ligo 	Λίγο 	az	malo	Мало	Kevés 	malo	Мало. 	malo	Poku	Pacu	[thoda]	थोडा 	Olpo	Muke 	Pocu	kakaunti	lite	několik 	vähän, harva 	niekoľko 	Fáir 
Pixka bat	Koorei	Un pic	ashalla	tita	michimi	Louyem 	Wahad chwiya	一点	yīdiǎn	boot tora	Chihaja waha	Ma juk'ita	Sedda	Um pouquinho	Малко	ein (kleines) bisschen	Un pouco	Una mica	Un peu	Un poco	a little bit	Troszeczkę / trochę	Немного	Nemnogo	Poco	alaachwai	قليلا	Thora/i	um pouco	Un poc	E wéineg	ligo 	Λίγο 	bir nebze	malo	Трохи	Egy kicsit	malo	Мало.	malo	Un poku	Unu pacu	[thode mein]	थोडे 	Olpo ektu	Mwa muka	Un pocu	kaunti	en smula	trochu 	hieman / vähän 	trochu 	Smá 
Zabalik	Kolnu	Deschis	Paska	pekulpekul	jái	Oubekou 	Mahlol(giz) / Mahlola(ema)	开着	kāizhe	jula uwa	Yazam (g)/ Dazam(e)	Jist'arata	Udde te	Aberto	Отворен/на/но	geöffnet	Aberto	Obert	Ouvert (e)	Abierto	open	Otwarty	Открыто	otcrito	Un po' 	maftuh	مفتوح	Khulla/i	aberto	Obert	Op	anijta 	Ανοιχτά 	açık	odprt / odprta / odprto	Відкрито	Nyitva 	otvoren / otvorena / otvoreno	Отворено. 	otvoren / otvorena / otvoreno	Abertu	Abertu	[khula]	खुला 	Khola	Yako funguama 	Abiertu	bukas	öppet	otevřený 	avoinna 	otvorený 	Opið 
Itxita	Bandagan	Închis	Wishkashka	pepek	oñemboty	Tediou 	Masdod(giz) / Masdoda(ema)	关着	guāzhe	band	Ibalaǎ (g)/Dabalaǎ (e)	Jist'antata	Sokkey	Fechado	Затворен/на/но	geschlossen	Pechado	Tancat	Fermé (e)	Cerrado	closed	Zamknięty	Закрыто	zacrito	Aperto	magful	مغلق	Band	fechado	Tancat	Zou	klista 	Κλειστά 	kapalı	zaprt / zaprta / zaprto	Зачинено	Zárva 	zatvoren / zatvorena / zatvoreno	Затворено. 	zatvoren / zatvorena / zatvoreno	Fitxadu	Serradu	[band]	बन्द 	Bondho	Yako 	Zarrau	sarado	stängt	zavřený 	suljettu 	zatvorený 	Náloegt 
Poliki	Beshtare	Încet	Allimanta	ukan tita	mbegue	Ndanka  	Bachuia	慢慢	màn màn 	Ahista	Chway chway 	K’acha 	Doye	Devagar, lentamente	бавно	langsam	Lentamente	Lent	Doucement	Despacio	slowly	Powoli	медленно	medlenno	Chiuso	bichaur	بطيء	Oli (oli-oli)	divagar	Llentament	Lues	arga 	Αργά 	yavaş yavaş	počasi	Повільно	Lassan 	polako, polagano, sporo	Споро/Полако 	polako, polagano, sporo	Divagar/ na masu	A pianeddu	[araam]	आराम 	Dhiro		Adulces	dahan dahan	långsamt	pomalu 	hitaastu 	pomaly 	Hoegt 
Azkar	Chito	Degrabă / repede 	Utka	dajájaw fit	pya´e	Gaw  	beZarba / serbi / derrya	快（速）	kuài(sù)	Yaldi	Daghya 	K’ata	Yahunno	Rápido 	бързо	schnell	Rápido / Axiña 	Ràpid	Vite/rapidement	Rápido	quickly	Szybko	быстро	Bistro	Piano, lento, lentamente	bilaachla	سريع	Jaldi	rápido	Ràpid	Schnell / féx	grigora 	Γρήγορα 	hızla	hitro	Швидко	Gyorsan	brzo	Брзо. 	brzo	Rapidu/ Faxi	Lestru	[jaldi]	जल्दी 	Druto		Rápido	mabilis	snabbt	rychle 	nopeasti 	rýchlo 	Snöggt 
KOLOREAK (10)																																																					
Beltza	Kalo	Negru	Yana	Noir 	Hû	Gnoul /nyool	Khal	黑色	hēisè	kaala	Abarkan	Ch'iyara  	Ballehjo	Preto 	Черен/на/но	Schwarz	Negro / Preto	Negre	Noir 	Negro	Black	Czarny	Чёрный	Chorniy		ekjal	أسود	Kala/i	preto	Negre	Schwarz	Mavro 	Μαύρο 	siyah	črna	Чорний	Fekete	crna	Црно. 	crna	Pretu	Nigheddu	[kaala]	काला 	Kalo	Moyondo 	Negru	itim	Svart	Černá 	Musta 	Čierna 	Svartur 
Zuria 	Sheto	Alb	Yurak	fit	Morotî	Wekh 	Byad	白色	báisè	zafeed	Axamrar	janq’o 	Danneh jo	Branco	Бял/ла/ло	Weiß	Branco	Blanc	Blanc	Blanco	White	Biały	Белый	Beliy	Nero	abiad	ابيض	Chitta/i	branco	Blanc	Wäiss	Aspro 	Άσπρο 	beyaz	bela	Білий	Fehér 	bela	Бело. 	bijela	Branku	Arvu	[safedi]	सफेदी 	Shada	Pembe 	Blancu	puti	Vit	Bílá 	Valkoinen 	Biela 	Hvítur 
Horia 	Poaielo	Galben	Killu	Jaune	Sayju	Mbokkou / Nete	Sfar	黄色	huángsè	pila	Awrag	K'ellu	Neteejo	Amarelo	Жълт/та/то	Gelb	Amarelo	Groc	Jaune	Amarillo	Yellow	Żółty	Жёлтый	Joltiy	Bianco	asfar	اسفر	Peela/i	amarelo	Groc	Giel	Kitrino 	Κίτρινο 	sarı	rumena	Жовтий	Sárga 	žuta	Жуто. 	žuta	Amarelu	Grogu	[peela]	पीला 	Holud		Mariellu	dilaw	Gul	Žlutá 	Keltainen 	Žltá 	Gulur 
Gorria 	Rato	Roșu	Puka	fasim	Pytâ	Khonk / Lu-honha 	Hmar	红色	hóngsè	soroj	Azogag	Wila	Woojudo	Vermelho	Червен/на/но	Rot	Vermello	Vermell	Rouge	Rojo	Red	Czerwony	Красный	Krasniy	Giallo	ahmar	احمر	Ratta/i	vermelho	Roig	Rout	Kokino	Κόκκινο 	kırmızı	rdeča	Червоний	Piros 	crvena	Црвено. 	crvena	Burmedju	Ruju	[laal]	लाल 	Lal	motando 	Colloráu	pula	Röd	Červená 	Punainen 	Červená 	Rauður 
Laranja    	Suntoliran	Portocaliu	Chilina/killulla	Orange	pytã'yju	Orange 	Bortoqali 	橙色	chéngsè	malta	Alatxini	churi	Netehjoy	Laranja	Оранжев/ва/во	Orange	Laranxa	Taronja	Orange	Naranja	Orange	Pomarańczowy	Оранжевый	Oranjeviy	Rosso	bortugali	برتقالي	Maltai	laranja	Taronja	Orange	Portokali 	Πορτοκαλί 	turuncu	oranžna	Помаранчевий	Narancssárga 	narančasta	Наранџасто. 	narančasta	Laranjadu	Turungone	[naarangi]	नारंगी 	Komola		Naranxa	kahel	Orange	Oranžová 	Oranssi 	Oranžová 	Appelínugulur 
Urdina   	Niilo	Albastru	Ankas	Bleu	hovy	Belew  / Bulu 	Azraq	蓝色	lánsè	nila	Azagza	Larama	Bullajo	Azul	Син/ня/ньо	Blau	Azul	Blau	Bleu	Azul	Blue	Niebieski	Синий	Siniy	Arancione	azrag	ازرق	Neela/i	azul	Blau	Blo	Ble, kiano	Μπλε, κυανό 	mavi	modra, plava	Синій	Kék 	plava	Плаво. 	plava	Azul	Biaitu	[neela]	नीला 	Nil	bule 	Azul	bughaw	Blå	Modrá 	Sininen 	Modrá 	Blár 
Berdea   	Hario	Verde	Waylla	nane karambaku	sa'yky	Lu werta	Ajdar	绿色	lǜsè	sabaz	Arbiǎi	ch´uxña, ch’ojña 	Hakojo	Verde	Зелен/на/но	Grün	Verde	Verd	Vert	Verde	Green	Zielony	Зелёный	Zelyoniy	Blue	ajdar	اخضر	Sawa/i	verde	Verd	Gréng	Prasino 	Πράσινο 	yeşil	zelena	Зелений	Zöld 	zelena	Зелено. 	zelena	Verdi	Birde.	[hara]	हरा 	Shobuj	mayi ya pondu 	Verde	luntian	Grön	Zelená 	Vihreä 	Zelená 	Groenn 
Marroia 	Kairo	Maro	Paku	Marron		Sokola / Guru	Bonne / qehwi 	褐色	hésè	burá	Aqahwi	ch´umpi		Marrom	Кафяв/ва/во	Braun	Marrón	Marró	Marron	Marrón	Brown	Brazowy	Коричневый	Korichneviy	Verde	adjan	اسمر	Khaki	marrom	Marró	Brong	Kafe 	Καφέ 	kahverengi	rjava	Коричневий	Barna 	smeđa, braon	Браон. 	smeđa	Kastánhu	Marrò	[bhoora]	भूरा 	Badami	kaki 	Marrón	kuyumanggi	Brun	Hnědá 	Ruskea 	Hnedá 	Brúnn 
Morea  	Gamlait	Mov	Maywa	Violet	pytãũ	Violette 	Banafsaji / kooki	紫色	zǐsè	giaman	Banafsaji	Kulli ,anti		Roxo	Лилав/ва/во	Dunkelviolett / lila	Morado	Morat	Violet	Morado	Purple	Fielotewy	Фиолетовый	Fioletoviy	Marrone	venefsechi	اللون البنفسجي	Jamnu/i	roxo	Morat	Mof	Mov 	Μωβ 	mor	vijolična	Пурпуровий	Lila 	ljubičasta	Љубичасто. 	ljubičasta	Roxu	Tanadu	[jaamuni]	जामुनी 	Begoni		Morao	lila	Lila	purpurová 	Violetti 	purpurová 	Fjólublár 
Arrosa	Niilo sheto	Roz	Waminsi	Rose	pytangy	Ros	Wardi			golabi	Ahmaymi /Arosa	 Janq’o wila		Rosa	Розав/ва/во	Rosa	Rosa	Rosa	Rose	Rosa	Pink	Rózowy	розовый	rozoviy	Viola	budri	واردة	Ghulabi	rosa	Rosa	Rosa	Roz 	Ροζ 	pembe	roza	Рожевий	Rózsaszín 	roza	Роза. 	roza	Kor di roza	Rosadu	[gulaabi]	गुलाबी 	Golapi		Rosa	rosa	Rosa	růžová 	Vaaleanpunainen 	ružová 	Bleikur 
FAMILIA (11)																																																					
Ama    	Mami	Mamă	Mama	inayow(iñaion)	Sy	Yay	Mama / Mmi	妈妈	māma	maa	Yamma 	Tayca	Neneh	Mãe	Майка	Mutter	Nai	Mare	Mère	Madre	Mum	Mama	Мама	Mama		Lum/Alum	أمّ	Amma	A mãe	Mare	Mamm	mitera	Μητέρα 	anne	mama	Мама	Anya 	mama	Мама 	mama	Mai	Mama		माता 	Ammu		Madre / má	ama 	Mamma	maminka 	Äiti 	mamička 	Mamma 
Aita	Babu	Tată	Tayta	anpawom	Tuva/ru	Bay	Baba / Bba	爸爸	bàba	baap(o)	Aba / vava	Auki	Baa	Pai	Баща	Vater	Pai	Pare	Père	Padre	Dad	Tata	Папа	Papa	LA FAMIGLIA	Albu/Al-ab	أب	Abba	O pai	Pare	Papp	pateras	Πατέρας 	baba	oče	Тато	Apa 	tata	Тата 	otac	Pai	Babbu		पिता 	Abbu		Padre / pá	tatay	Pappa	táta 	Isä 	otec/ocko 	Pabbi 
Anai(a)   	Dai	Frate 	Wawki	alinom	ryke'y ( zaharra) / ryvy  (gaztea) / kyvy	Mag bou gor	Joya	（男的）弟弟 /（男的）哥哥	(nánde) dìdì/ (nánde) gēgē	baji	Oma	Jilata/Jilpa	Koteraho / Menyeraho gorrko	Irmão	Брат	Bruder 	Irmán	Germà	Frère 	Hermano	brother	Brat	Брат	Brat	Mamma	Aj/Ju	أخ	Bhra 	irmão	Germà	Bruder	adelfos	Αδελφός 	erkek kardeş	brat	Брат	Fiútestvér 	brat	Брат 	brat	Armun (matxu) / Irmon	Frade		भाई 	Bhai		Hermanu	kapatid babae	Bror	bratr (bratra)	Veli 	brat 	Bróðir 
Ahizpa  	Didi / Baini	Soră 	Ñaña	atiom 	ryke (zaharra) / kypy'y (gaztea) / Reindy 	Mag bou djiguen	Jti	（女的）妹妹/（女的）姐姐	(nǚde) mèimei/(nǚde) jiějie	bejen	Watxma 	cullaca/ Kullakpa	Menyeraho dembon/Jayeraho / jajah	Irma	Сестра	Schwester 	Irmá	Germana	Soeur 	Hermana	Sister 	Siostra	Сестра	Sestra	Papa	Ejt	أخت	Bhen 	irmã	Germana	Schwëster	adelfi	Αδελφή 	kız kardeş	sestra	Сестра	Lánytestvér 	sestra	Сестра 	sestra	Armun (femia) / Irma	Sorre		बहिन 	Bone		Hermana	kapatid lalake	Syster	sestra (sestry) 	Sisko 	sestra 	Systir 
Amona	Boiyu	Bunică	Hatun mama	anifanow	jarýi	Mam bou djiguen	Hanna/ Jadda	奶奶	nǎinai	daddy/nanny	Yammaăziza/hanna	Awichu	Mama dembon	Avó / Vovó	Баба	Oma	Avoa	Àvia	Grand-mère	Abuela	Grandmother	Babcia	Бабушка	Babushka	Fratello	Yed-da/Yed-dat	جدّة	Dadi	avó	Yaya	Groussmamm / Bom	yaya	Γιαγιά 	büyükanne	babica	Бабуся	Nagymama 	baka	Баба 	baka, nona	Vovo- femia / Dona	Iàia		नानी 	Dadi		Güela	lola	Mormor/Farmor	Babička 	Isoäiti 	Babička 	Amma 
Aitona  	Baye	Bunic	Hatun tayta	anifanow	Taita	Mam bou gor	Jaddi 	爷爷	yéyé	dadda/nanna	Ava amaqan	jach'atata, achachila	Mama gorrko	Avô / Vovô	Дядо	Opa	Avó	Avi	Grand-père	Abuelo	Grandfather	Dziadek	Дедушка	Dedushka	Sorella	Yed/Alyed	جدّ	Dada	avô	Yayo	Grousspapp / Bop	papus	Παππούς 	dede	dedek	Дідусь	Nagypapa 	deda	Деда 	djed	Vovo-matxu / Donu	Iàiu		दादा 	Dada		Güelu	lolo	Morfar/Farfar	Dědeček 	Isoisä 	Deduško 	Afi 
Izeba  	Kaki	Mătusă	Tiya	ati anpawom, ati inayow	sy'y 	Badjen 	Jalti (amaren ahizpa)/ ǎamti (aitaren arreba)	姑姑/姨妈	gūgu/yímā	mammy	Jatxi / Ăanti	Tayka, ipala	Yaiyeraho	Tia	Леля	Tante	Tía	Tieta	Tante	Tía	Aunt	Ciotka	Тётя	Tyotya	Nonna	Ȃam-ma/Jala	عمّة	Masi (Mama)	tia	Tia	Tatta	thia	Θεία 	teyze	teta	Тітка	Nagynéni 	tetka, strina, ujna	Тетка/стрина/ујна 	tetka	Tia	Tzia		बुआ 	Chaci (Paternal) / Khala (Maternal)		Tida	tia	Moster/Faster	Teta 	Täti Aunt	Teta 	Froenka 
Osaba  	Kaka	Unchi	Tiyu	ati anpawom, ati inayow	tuvy /tuty 	Nidiay 	jali (amaren neba)  / ǎami (aitaren anaia)	伯伯 / 舅舅	bóbo / jìujiu	tatty	Jari / Ăzizi	Awki, lari, tyui	Kah hu	Tio	Чичо	Onkel	Tío	Tiet	Oncle	Tío	Uncle	Wujek	Дядя	Dyadya	Nonno	Ȃam/Jal	عمّ	Chacha	tio	Tio	Monni	thios	Θείος 	amca	stric	Дядько	Nagybácsi 	tetak, stric, ujak, čiko	Стриц/ујак/теча 	stric	Tiu	Tziu		ताऊ 	Chaca (Paternal) / Mama (Maternal)		Tíu	tio	Morbror/Farbror	Strýc 	Setä 	Strýko 	Froendi 
Lehengusu(a) 	Luga	Verișor		aniol ati anpawom, aniol ati inayow	...... 	Domu nidiay	weld (edo: bent) ǎami  / weld (edo: bent) ǎamti			ttattu/mammu kaa beta	Ammis n ăzizi/n Khari/n ăandi/ n Khachi	 jilata	Denderaho	Primo	Братовчед	Cousin	Curmán	Cosí	Cousin	Primo	Cousin	Kuzyn	двоюродный брат	Dvoyurodniy brat	Zia	Weld al âam	ابن عمّ	Puter	primo	Cosí	Cousin / Koseng	xaderfos	Ξάδερφος 	kuzen	bratranec (m.)	Двоюрідний брат	Unokbáty 	brat od strica	рођак 	bratić	Primu	Sorrastra		चचेरा भाई 	Chachato bhai (PM) / Mamato bhai (MM)		Primu	pinsan	Kusin	Bratranec 	Serkku 	Bratranec 	Froenka 
Lehengusin(a)   	Lugani	Verișoara		aniol ati anpawom, aniol ati inayow	...... 	Domu badjen	weld (edo bent )  jali / weld (edo: bent )  jalti 			ttattu/mammu kii betti	Yajis n ăzizi/ n Khari/ n ăandi / n Khachi	 kullaka	Denderaho	Prima	братовчедка	Cousine	Curmá	Cosina	Cousine	Prima	Cousin	Kuzynka	двоюродная сестра	Dvoyurodnaya sestra	Zio	Weld al jal	بنت امّ	Tie	prima	Cosina	Cousine	xaderfi	Ξαδέρφη 	kuzen	sestrična (f.)	Двоюрідна сестра	Unokahúg 	sestra od tetke	рођака 	sestrična	Prima	Fradile		चचेरी बहन 	Chachato bone (PF) / Mamato bone (MF)		Prima	pinsan		Sestřenice 	Serkku 	Sesternica 	Froendi 
Lagun(a)   	Shati	Prieten /prietenă	mashi	apalom	angirû	Harrit 	Sahbi (g) / Sahabti (e )      	朋友	péngyǒu	doost	Amadukatx / amadukar	masi	Terre	Amigo / Amiga	Приятел/приятелка	Freund	Amigo / Amiga	Amic	Ami (e)	Amig@	Friend	Przyjaciel / Przyjaciółka	друг	Drug	Cugino	Sadig/Sadiga	صديق / صديقة	Yar	amigo@	Amic/Amiga	Frënd / Frëndin	filos (fili)	Φίλος (φίλη) 	arkadaş	prijatelj (m.) / prijateljica (f.)	Друг/подруга	Barát 	prijatelj (m.) / prijateljica (f.)	пријатељ/пријатељица Friend	prijatelj (m.) / prijateljica (f.)	Amigu / Amiga	Amigu/amiga		दोस्त 	Bondhu 		Amigu / amiga	kaibigan 	Kompis/vän	Přítel 	Ystävä 	Priateľ 	Vinur 
ADITZAK (18)																																																					
Izan	Bhasnu	A trăi/a sta	Kawsana	Ureri	kove 	Doundou 	Ăacha/sakana	生活	shēnghúo	rena	Izdaqh	Jakaña	Wurrdam / wurri	Viver	Живея	leben	Vivir	Viure	Vivre	Vivir	To live	Żyć	жить	Zit'		hayat	سكن, يسكن / عشى, يعيش	Rehna	Viver	Viure	Liewen	Zo	Ζω 	yaşamak 	živeti	Жити	Élni 	živeti	Живети 	živjeti	Vivi	Bìvere		रहना 	Bancha		Vivir	mabuhay	Leva	žít	Asua 	Žiť 	Að lifa 
Bizi	Thajanu	A dori	Munana	Uman	pota 	Bougou 	Arada/Ahabba	要	yào	txana	Ikhas / yazo	Munaña	Meeda yedde	Querer / Desejar	Искам	wollen	Querer	Voler	Vouloir	Querer	To want	Chcieć	хотеть	hotiet'	Essere	hub	اراد, يريد / حبّ, يحبّ	Chahna	Querer	Voler	Wëllen	Thelo	Θέλω 	istemek	želeti	Хотіти	Akarni 	želeti, hteti	Желети 	željeti, htjeti	Ama	Chèrrere		चाहना 	Chaoua		Querer	magustuhan	Vilja	chtít 	Haluta 	chcieť 	Að vilja
Nahi izan	Abo siokhta	A avea nevoie de	Mutsurina	Inje di mangmang	kotevê 	Sokhla   	Ihtaja	需要	xūyào	zarorat	Ihdaj	Necitaña	Meeda sokle	Precisar / Necessitar	Нуждая се	brauchen	Necesitar / Precisar 	Necessitar	Avoir besoin de	Necesitar	To need	Potrzebować	нуждаться	Nuzdatsya	Vivere	haya	بلحاجة	Lor e	Precisar	Necessitar	Brauchen	Jriazome 	Χρειάζομαι	gerekmek, ihtiyaç duymak	potrebovati	Потребувати	Kell / Szüksége van valamire	trebati	Требати 	trebati	Mesti / Presiza / Nesesita	Àere bisonzu		जरूरत होना 	Proyojon		Precisar	kaylangan	Behöva	Potřebovat	Tarvita 	Potrebovať 	Að þurfa
Behar izan	Gharnu	A putea	Ushana	Inje panikan	pu'aka 	Man  	Istataǎ	可以	kěyǐ	kersakna	Izamma	Atiña	Wawee	Poder / Ser possível	Мога	können	Poder	Poder	Être capable/Pouvoir	Poder	To be able to, to can	Móc	мочь	Moch	Volere	gudra	استطيع, يستطيع	Kar sakna(n)	Poder	Poder	Kënnen	Boro	Μπορώ	yapabilmek, muktedir olmak	moči	Бути в змозі/ могти	Kepes valamire 	moći	Моћи 	moći	Podi	Pòdere		योग्य होना 	Korte para / Para		Poder	kayanin	Kunna	Moct 	Voida 	Môcť 	Að geta 
Ahal izan	Jhanu	A merge	Rina	Jou	ha 	Dem 	Ahaba	去	qù	yana	Ogo / rah	Saraña	Yaah	Ir	Ходя	gehen	Ir	Anar	Aller	Ir	To go	Iść	идти	Idti	Avere bisogno	dihab	اذهب, يذهب	Jana(n)	Ir	Anar	Goen	Piyeno 	Πηγαίνω 	gitmek 	iti	Ідти	Menni 	ići	Ићи 	ići	Bai	Andare		हो जाना 	Jaoua		Dir	Lumakad	Gå	Jit 	Mennä 	Ísť /chodiť 	Að fara 
Joan 	Aunu	A veni	Shamuna	Jol	ju 	Gnow 	Ata	来	lái	ana	asad	Jutaña	Arru	Vir	Идвам	kommen	Vir	Venir	Venir	Venir	To come	Przychodzić	приходить	Prihodit'	Potere	meyi	عاد, يعاد	Aana(n)	Vir	Vindre	Kommen	Erjome 	Έρχομαι	gelmek 	priti	Приходити	Jönni 	doći	Доћи 	doći 	Ben	Bènnere		आना 	Asha		Venir	Dumating	Komma	přijit 	Tulla 	prísť 	Að koma 
Etorri	Khanu (Khane najane)	A mânca	Mikuna	Ry	karu 	Lekk	Akala	吃	chī	jana	ach	Manqaña	Nyajmo	Comer	Ям	essen	Comer	Menjar	Manger	Comer	To eat	Jeść	кусать	Cusat'	Andare	akl	أكل, يأكل	Khana(n)	Comer	Menjar	Iessen	Troo 	Τρώω	yemek 	jesti	Їсти	enni 	jesti	Јести 	jesti	Kumi	Mandigare		खाना 	Khaoua		Comer	kumain	Äta	jist	Syödä	jesť 	Að borða
Jan	Piunu	A bea	Upyana	Jem	y'u 	Naan	Chariba	喝	hē	pina	su	Umaña	Yarru	Beber	Пия	trinken	Beber	Veure	Boire	Beber	To drink	Pić	пить	Pit'	Venire	charb	شرب, يشرب	Peena(n)	Beber	Beure	Drénken	Pino 	Πίνω 	içmek 	piti	Пити	Inni 	piti	Пити 	piti	Bebi	Bìbere		पीना 	Pan kora		Beber	uminom	Dricka	pit 	Juoda 	piť 	Að drekka 
Edan	Sudne	A dormi	Puñuna	Muri	Ke	Nelew 	Nama	睡	shùi	sona	ttes	Iqiña	Dannuh	Dormir	Спя	schlafen	Durmir	Dormir	Dormir	Dormir	To sleep	Spać	спать	Spat'	Mangiare	naum	نام, ينام	Sona(n)	Dormir	Dormir	Schlofen	Kimame 	Κοιμάμαι	uyumak	spati	Спати	aludni 	spavati	Спавати. 	spavati	Durmi	Drommire		सोना	Ghumano		Dormir	magpatulog	Sova	spat 	Nukkua	spať 	Að sofa 
Lo egin	Kam 	A lucra	Llamkana	Burok	mba'apo 	Liguey	Ăamila/ Ichtagala	工	gōng	kam karna	khdam	Luraña	Liggo / gollu	Trabalhar	Работя	arbeiten	Traballar	Treballar	Travailler	Trabajar	To work	Pracować	работать	rabotat'	Bere	aamal	عمل, يعمل	Kam karna(n)	Trabalhar	Treballar	Schaffen	Ergazome 	Εργάζομαι	çalışmak 	delati	Працювати	Dolgozni	raditi	Радити. 	raditi	Trabadja	Traballare		काम करना 	Kaj kora		Trabayar	pagtratrabaho	Jobba	pracovat 	Työskennellä / tehdä töitä 	pracovať 	Að vinna 
Lan egin	Khelnu	A (se) juca	Pukllana	Ngar	ñembosarái 	Fokh 	Laǎiba	玩	wán	jelna	irar	Anataña	Fegjuu	Jogar	Играя	spielen	Xogar	Jugar	Jouer	Jugar	To play	Grać/Bawić się	играть	Igrat'	Dormire	laaib	لعب, يلعب	Khedna(n)	Jogar	Jugar	Spillen	Pezo	Παίζω	oynamak 	igrati (se)	Грати	Játszani	igrati (se)	Играти се. 	igrati (se)	Djuga	Giogare		खेलना 	Khela		Xugar	paglalaro	Leka	hrát 	Pelata / leikkiä 	hrať sa 	Að leika 
Jolas egin  	Shiknu	A studia/învăța	Yachana	Liten	jetavy'o 	Djang	Darasa	学	xué	siikna	ghar	Yatiqaña	Jaguu	Aprender / Estudar	Уча	lernen	Aprender	Aprendre	Étudier	Aprender	To learn	Studiować	учить	Uchit'	Lavorare	taalum	تعلّم, يتعلّم	Sikna	Aprender	Aprendre	Léieren	Matheno	Μαθαίνω	öğrenmek 	učiti se	Вчитися	Tanulni 	učiti se	Научити. 	učiti se	Prendi / Studa	Aprèndere		सिखना 	Shikha		Aprender	pagaral	Lära	Učit se	Opiskella 	Učiť sa 	Að loera 
Ikasi   	Pharnu	A citi	Ñawirina/killkakatina	Urok	moñe'ê 	Tari 	Qaraa	读	dú	parna	ghar	Liyiña	jaŋngii 	Ler	Чета	lesen	Ler	Llegir	Lire	Leer	To read	Czytać	читать	Chitat'	Giocare	guiraa	قراء	Pharna(n)	Ler	Llegir	Liesen	Diavazo 	Διαβάζω	okumak 	brati	Читати	Olvasni 	čitati	Читати. 	čitati	Le	Lèghere		पढना 	Porhtai		Lleer	pagbasa	Läsa	Čist 	Lukea 	Čítať 	Að lesa 
Irakurri    	Lekhnu	A scrie	Killkana	Jik	hai	Bind	Kataba	写	xiě	likna	ari	Qilqaña	Windu	Escrever	Пиша	schreiben	Escribir	Escriure	Écrire	Escribir	To write	Pisać	писать	Pisat'	Imparare	kitaba	كتب, يكتب	Likhna(n)	Escrever	Escriure	Schréiwen	Grafo 	Γράφω 	yazmak 	pisati	Писати	Írni 	pisati	Писати 	pisati	Skrebi	Iscrìere		लिखना 	Likhtai		Escribir	pagsulat	Skriva	Psat 	Kirjoittaa	Písať 	Að skrifa 
Idatzi    	Bholnu	A vorbi	Rimana	Ulok, usanken	ñe'ẽ	Wakh	Takalama	说	shūo	bolna	siwar	Parlaña	Hallu / lebbu	Falar	Говоря	sprechen	Falar	Parlar	Parler	Hablar	To speak	Mówić	говорить	Govorit'	Leggere	kalam	كلّم, يكلّم	Bolna(n)	Falar	Parlar	Schwätzen	Milao	Μιλάω 	konuşmak 	govoriti	Говорити	Beszélni	govoriti, pričati	Говорити. 	govoriti	Papia / Fala	Faveddare		बोलना 	Kotha boltai		Falar	magsalita	Tala	Mluvit 	Puhua 	Hovoriť 	Að tala 
Hitz egin   	Chinnu / Bhednu	A cunoaște	Riksina	Ifafas	ikuaa	Kham	Ăarafa	知道	zhīdào	yanina/malun juna	issan	Uñt'aña	Annde	Conhecer	Познавам	kennen	Coñecer	Conèixer	Connaître	Conocer	To know	Znać / wiedzieć	знакомиться	Znakomitsya	Scrivere	marifa	عرف, يعرف	Janna(n)	Conhecer	Conéixer	Kennen	Gnorizo 	Γνωρίζω 	tanımak	vedeti, znati	Знати	Tudni	znati	Упознати 	znati	Konxi	Connòschere.		समझना 	Jana		Conocer	magkilala	Veta	vědět 	Tietää 	Vedieť 	Að vita 
Ezagutu    	Lhanu	A lua	Apana	Ungar	raha    	Yobbou	Hamala/Naqala	拿 ／ 背 ／ 带着	ná / bēi / dàizhe	lina	iwi /iksi	Apaña	Jettu	Levar	Нося	tragen	Levar	Dur	Porter	Llevar	To take	Zanieść /nosić	нести	Nesti	Parlare	yelb	حمل, يحمل	Le ke janna	Levar	Portar	Droen	Perno 	Παίρνω 	taşımak	vzeti	Брати	Vinni	uzeti	Носити. 	uzeti	Leba	Giùchere		लेना 	Neoua		Llevar	kunin	Ta	mít 	Ottaa 	mať 	Að taka 
Eraman    	Lyaunu	A aduce	Apamuna	Ungarul	ru 	Indi	Ahdara/	带来	dàilái	lana	awid 	Apaniña	Adduu	Trazer	Донасям	(her-) bringen	Traer	Portar	Apporter	Traer	To bring	Przynosić	принести	prinesti	Conoscere	itaa	حمل, يحمل	Le ke Aanan	Trazer	Portar	Bréngen	Ferno 	Φέρνω	getirmek 	prinesti	Приносити	Hozni 	doneti	Донети. 	donijeti	Trazi	Batire, carrare, picare		लाना 	Ana		Traer	magdala	Ta med	Přinést 	Tuoda 	Priniesť 	Að foera
GALDERAK (14)																																																					
NOR?	Kuo?	Cine? 	Pitak	ay?	¿Mávapa ?	Kan?	Chkon?	谁？	shéi?	Koon?	Miniăna? 	kiti?	Ohumbo / hombo?	Quem?	Кой?	Wer?	Quen?	Qui? (intransitiu)	Qui?	¿Quién? 	Who?	Kto?	кто?	Kto?	PRONOMI INTERROGATIVI	Man hua?/Man hia?	 من؟	Kon	quem?	Quí?	Wien?	Pios?	Ποιος; 	Kim?	kdo	Хто?	Ki? 	ko	Ко? 	tko	Kenha ki? / Ken ki ?	Chie?	[kaun?]	कौन? 	Kai?	Nani?	¿Quién? 	sino?	Vem?	Kdo? 	Kuka? 	Kto? 	Hver? 
ZER?	Ke?	Ce?	Imatak	waj?	¿ Mba'épa ?	Lan?	Chno?	什么？	shénme?	Kea?	Manayanni?	Kuna?	Hondun?	O Que?	Какво?	Was?	Que?	Què?	Quoi?	¿Qué?	What?	Co?	что?	Shto?	Chi?	Shenhu?/Shenhi?	ما؟	Ke	o que?	Qué?	Wat?	Ti?	Τι; 	Ne?	kaj	Що?	Mi? 	šta	Шта? 		Kuze?	Ite?	[kya?]	क्या? 	Ki?	Nini?	¿Qué?	ano?	Vad?	Co? 	Mikä? / Mitä? 	Čo? 	Hvað? 
NORI?	Koslaie?	Cui?	Pimantak	Di ay?	¿ Mávape?	Kan la?	Laman?	给谁	gěi shuí 	Koon saa?	Immi?	Kitiru?	Ko hambo oh?	A Quem?	На кого?	Zu wem?	A quen?	A qui?	À qui?	¿A quién?	To whom?	Komu?	кому?	Kamu?	(Che) Cosa?/ Quale?		لمن؟	Kin'ne	a quem?	A quí?	Vu wiem?	Se pion?	Σε ποιόν; 	Kime?	komu	Кому?	Kinek? 	kome	Коме? 	što	Pa kenha?	A chie?	[kise?]	किसे? 	Kahake?	Na nani?	¿A quién?		Till vem?	Na koho?	Kenelle? 	Na koho? 	Til hvers? 
NOREN?	Koskuo?	A cui?	Pipaktak	Ai di ay?	¿ Máva mba'épa?	Bou kan?	Dyalman?	谁的？	shéi de?	Koon see?	Wizirin?	Kitinki?	Ko hombo?	De Quem?	От кого?	Wessen?	De quen?	De qui?	De qui?	¿De quién?	Whose?	Czyj?	чей?	Chei?	A chi?		من من؟	Kidha	de quem?	De quí?	Wiem säint?	Pianu,pianis,pianon (gen.pl)	Ποιανού, ποιανής, ποιανών	Kimin?	čigav / čigava /čigavo	Чий/Чия/Чиє?	Kié? 	čiji / čija / čije	Чије? 	čiji / čija / čije	Di kenha?	De chie?	[kisaka?]	किसका? 	Kahar?	Ya nani?	¿De quién?	kanino	Vems?	Čí? 	Kenen? 	Čie? 	hvers? 
NOREKIN?	Kuosonga?	Cu cine?	Piwantak	Mu di ay?	¿ Máva ndi?	Ak kan?	Mǎaman?	跟谁	gēn shuí	Keeske saat?	Mikad?	Kitimpi?	Khanko ohambo?	Com Quem?	С кого?	Mit wem?	Con quen?	Amb qui?	Avec qui?	¿Con quién?	Who with? / With whom?	Z kim?	с кем?	S kiem?	Di chi?		مع؟	Kidhe naal	con quem?	Amb quí?	Mat wiem?	Me pion?	Με ποιόν; 	Kim ile? / Kiminle?	s kom	З ким?	Kivel? 	s kim	Са ким? 	s kim 	Ku kenha?	Chin chie?	[kahaan ke sath?]	कहां के साथ? 	Kar sathe?	Na nani?	¿Con quién?	kung sino	Med vem?	O kom? 	Kenen kanssa? 	O kom?	Með hverjum? 
NON?	Kaha?	Unde?	maymantak	bay?	¿ Moôpa ?	Fan? 	Fin?	哪里？	nǎ​lǐ​?	Kajan?	Mani?	Kauki?	Honnto?	Aonde?	Къде?	Wo?	Onde?	On?	Où?	¿Dónde?	Where?	Gdzie?	где?	Gdie?	Con chi?		اين؟	Kithe	onde?	On?	Wou?	Pu?	Πού; 	Nerede?	kje	Де?	Hol? 	gde	Где? 	gdje	Undi?	Ube?	[kahaan?]	कहां? 	Kothay?	Wapi? 	¿Ónde?	saan	Var?	Kde? 	Missä? 	Kde? 	Hvar? Where?
NONGO?	Kahan battoo?	De unde?	maymantatak	Bay?	¿Mamóguipa ?	Bou fan?	Mnin?	那里(来)的？	nǎ​lǐ​ (lai) de?	Kajan se?	Manis?	Kaukita?	Honnto yeyah?	De Onde?	От къде?	Woher?	De onde?	D’on?	D’où?	¿De dónde?	Where from?	Skąd?	откуда?	Otkuda?	Dove?			Kithe da	de onde?	D'on?	Vu wou?	Apo pu?	Από πού; 	Nereden?	od kod	Звідки?	Honnan? 	odakle	Одакле? 	od kuda, otkud	Di undi?	De ube?	[kahaan sey?]	कहाँ से? 	Kotha theke?	Ya wapi?	¿D'ónde?	taga saan	Varifrån?	Odkud?	Mistä? 	Odkiaľ? 	Hvaðan? 
NONDIK?	Kohili?	De unde?	maymantatak	Kabrin nay?	¿Mamóguipa?	Bou fan?	Mnin?	那里(来)的？	nǎ​lǐ​ (lai) de?	Kajan se?	Zgimanis?	Kaukatpacha?	Honnto imorri ?	Por Onde?	От къде?	Woher?	Dende onde?	D’on (véns)?	D'où?	¿Desde dónde?	Where from?	Którędy?	где?	Gde?	Di dove?		من اين؟	Kithe da	desde onde?	Des d'on?	Vu wou?	Apo pu?	Από πού; 	Nereden?	od kod	Звідки?	Honnan?	odakle	Одакле? 	od kuda, otkud	Di undi?	Dae ube?	[kahaan sey?]	कहाँ से? 	Kotha theke?	Ya wapi?	¿Desde ónde?			Odkud z? 	Mistä? 	Odkiaľ si ? 	Hvaðan? 
NORA?	Battoo?	Pe unde?	maykaman	Bay dam?	¿ Mamóngotyo ?	Fan la?	Fin?	去哪	qù nǎ 	Kajan joo?	Gamani?	Kaukiru?	Honnto ya?	Aonde?	На къде?	Wohin?	Cara a onde?	On (vas)?	Où?	¿(Hacia) dónde?	Where to?	Dokąd?	куда?	Kuda?	Da dove?		الى اين؟	Kid'der	para onde?	Cap a on?	Wouhi / Wouhin?	Pu?	Πού; 	Nereye?	kam	Куди?	Hová? 	kuda	према чему? 	kamo	Pa undi?	A Ube?	[kahaan ho?]	कहाँ हो? 	Kothay?	Wapi? 	¿(Hacia) ónde?		Vart?	Kam? 	Minne? 	Kam? 	Hvert? 
ZERGATIK?	Kino?	De ce?	imamantak	Bewua?	¿Mba'érepa ?	Loutakh?	Ǎlach?	何故？	hégù?	Kiun?	Maga?	Kuna layku?	Kohondum takey?	Por quê?	Защо?	Warum?	Por que?	Per què?	Pourquoi?	¿Por què?	Why?	Dlaczego?	почему?	Pochemu?	(Verso) Dove?	Aâlah?	لماذا؟	Qu(n)	por que?	Per qué?	Firwat?	Yiati?	Γιατί; 	Neden?	zakaj	Чому?	Miért? 	zašto	Зашто? 	zašto	Pamodi?	Pro ite?	[kis liye?]	किस लिये? 	Keno?	Pona nini?	¿Por què?	bakit	Varför?	Proč? 	Miksi? 	Prečo? 	Af hverju? 
NOIZ?	Kina?	Când?	imapachatak	nay?	¿Araka'épa?	Kagn?	Waqtach / foukach	几时？	jǐshí?	Kab?	Marmi?	kunapacha?	Kotumma?	Quando?	Кога?	Wann?	Cando?	Quan?	Quand?	¿Cuándo?	When?	Kiedy?	когда?	Cagda?	Perche?	Ainta?	عندما؟	Kadu	quando?	Quan?	Wéini?	Pote?	Πότε; 	Ne Zaman?	kdaj	Коли?	Mikor? 	kada	Када? 	kada	Ki tenpu? / Ki ora?	Cando?	[kab?]	कब? 	Kokhon?	Tangu nini?	¿Cuándo?	kaylan	När?	Kdy? 	Milloin? 	Kedy? 	Hvenoer? When?
ZENBAT?	Qati?	Cât?	mashnatak	butumbu?	¿ Mbovýpa ?	Gnata?	Chehal?	多少？	dūoshǎo?	Ketne zeada?	Maxhal? / xhal?	Qauqha?	Kojellou?	Quanto?	Колко?	Wie viel(e)?	Canto?	Quant?	Combien?	¿Cuánto?	How much?	Ile?	сколько?	scolco?	Quando?		كم؟	Kitne?	quanto?	Quant?	Wéi vill?	Pos-os,-i,-o / -i,-es,-a?	Πώς; 	Ne kadar?	koliko	Скільки?	Mennyi?	koliko	Колико?	koliko	Kantu?	Cantu?	[kitne?]	कितने? 	Koto?	Talu boni?	¿Cuántu?	magkano	Hur mycket?	Kolik? 	Paljonko? / Kuinka paljon?	Koľko? 	Hvað mikið? 
NOLA?	Kosari?	Cum?	imashinatak	budurege?	¿aditza + icha (ej. Reipotajaicha)	Naka?  	Kifach?	如何？	rúhé?	Kesse?	Mokas?	Kunama?	Kohono?	Como?	Как?	Wie?	Como? (ser)	Com? (estàs)	Comment?	¿Cómo? (estar)	How?	Jak?	как?	Kak?	Quanto?		كيف؟	Kikan?	como?	Com?	Wéi?	Pos?	Πώς; 	Nasıl?	kako	Як?	Hogyan? 	kako	Како? 	kako	Modi?	Comente?	[kaise?]	कैसे? 	Kibhabe?	Ndenge?	¿Cómo? (estar)	paano	Hur?	Jak? 	Miten? 	Ako? 	Hvernig? 
NOLAKO(A)?	-	Ce fel?	imashina kakta	budurege?	Mba'éichapa ? 	Naka lay mel?	bhalach ?	什么型式？	shí me xíng shì 	Kes kesam kaa/ kes tara kaa?	Mokhiga/ mokhidga?	Kunjamasa?	Kohono wayee?	Como é?	Какво?	Wie?	Como? (estar)	Com? (ets)	Comment?	¿Cómo? (ser)	What kind?	Jakiego Rodzaju?	каk?	Kak?	Come?		ماذا؟	Kikan da? / di?	como?	Com?	Wéi eng zort?	Pos?	Πώς;	Ne tür?	kakšen / kakšna / kakšno	Який/яка/яке?	Milyen?	kakav / kakva / kakvo	Какво?	kakav / kakva / kakvo	Ki tipu?	De ite iscera? De cale ispèssia?	[kise prakar?]	किस प्रकार्? 	Ki rokom?	Ndenge nini?	¿Cómo? (ser)	anong clase	Vilken sort? (what kind)	Jaké?	Millainen? 	Aké? 	Hvaða? 
ZENBAKIAK (19)																																																					
Bat	Ek	Unu	Shuk	Yakon	Peteî	Benn 	Wahad	一	yī	eek	Wahid	Maya	Gooh	Um 	Едно	Eins	Un (m) / Unha (f)	Un	Un	Uno	One	Jeden / Raz	Один	Odin		wahed	واحد	Ik	um	Un	Eent	ena 	Ένα	bir	ena	Один	Egy	jedan	Један. 	jedan	un	Unu	[ek]	एक	Ek	Mókó 	Unu	isa	Ett	Jedna 	Yksi 	jeden 	Einn 
Bi 	Dui	Doi	Ishkay	Nunulba	Mokôi	Gnar 	Joj / iznan	二	èr	doo	Izanani	Paya	Dede	Dois	Две	Zwei 	Dous (m) / Dúas (f)	Dos	Deux	Dos	Two 	Dwa	Два	Dva	Uno	az-nain	اثنان	Do	dois	Dos	Zwee	dio 	Δύο 	iki	dva	Два	Kettő 	dva	Два. 	dva	dos	Duos	[do]	दो 	Dui	Mibale 	Dos	dalawa	Två	Dvě	Kaksi 	dva 	Tveir 
Hiru	Tin	Trei	Kimsa	Sifeji	Mbohapy	Gnet 	Tlata	三	sān	tiin	Zalaza	Kimsa	Tate	Três	Три	Drei	Tres	Tres	Trois	Tres	Three	Trzy	Три	Tri	Due	az-laza	ثلاثة	Tre	três	Tres	Dräi	tria 	Τρία 	üç	tri	Три	Három 	tri	Три. 	tri	tres	Tres	[thin]	तीन 	Tin	Misato 	Tres	tatlo	Tre	Tři 	Kolme 	tri 	Þrír 
Lau	Chan	Patru	Chusku	Yasifeji	Irundy	Gnent 	Rabǎa	四	sì	txar	Arbǎa	Pusi	Nayee	Quatro	Четири	Vier	Catro	Quatre	Quatre	Cuatro	Four	Cztery	Четыре	Chitiri	Tre	arb-âá	اربعة	Char	quatro	Quatre	Véier	tesera	Τέσσερα 	dört	štiri	Чотири	Négy 	četiri	Четири. 	četiri	kuátu	Bàtoro	[char]	चार 	Char	Minei 	Cuatro	apat	Fyra	Čtyři 	Neljä	Štyri 	Fjórir 
Bost	Panch	Cinci	Pichka	Futok	Po	Djirom 	Jamsa	五	wǔ	paantte	Khamsa	Phisqa	Joyee	Cinco	Пет	Fünf	Cinco	Cinc	Cinq	Cinco	Five	Pięć	Пять	Piat'	Quattro	jamsa	خمسة	Pang	cinco	Cinc	Fënnef	pende 	Πέντε 	beş	pet	П'ять	Öt 	pet	Пет. 	pet	sinku	Chimbe	[paanch]	पांच 	Panc	Mítáno 	Cinco	lima	Fem	Pět 	Viisi 	Päť 	Fimm 
Sei	Chha	Șase	Sukta	Futok di yakon	Poteî	Djirom  benn  	Satta	六	lìu	txee	Sitta	Sojta	Jeggo	Seis	Шест	Sechs	Seis	Sis	Six	Seis	Six	Sześć	Шесть	Shest'	Cinque	sit-ta	ستّة	Che	seis	Sis	Sechs	exi 	Έξι 	altı	šest	Шість	Hat 	šest	Шест. 	šest	sais	Ses	[che]	छः 	Choy (Pronounced like bog Ch)	Motoba 	Seis	anim	Sex	Šest 	Kuusi 	Šesť 	Sex 
Zazpi	Sat	Șapte	Kanchis	Futok di nunulba	Pokôi	Djirom  gnar 	Sabǎa	七	qī	zaat	Sabǎ	Paqalqu	Jedede	Sete	Седем	Sieben	Sete	Set	Sept	Siete	Seven	Siedem	Семь	Sem'	Sei	sab-âá	سبعة	Sat	sete	Sèt	Siwen	epta 	Επτά 	yedi	sedem	Сім	Hét 	sedam	Седам. 	sedam	séti	Sete	[saat]	सात 	Shat	Nsambo 	Siete	pito	Sju	Sedm	Seitsemän 	Sedem 	Sjö 
Zortzi	Ath	Opt	Pusak	Futok si fefeji	Poapy	Djirom  gnet 	Tmanya	八	bā	aatt’(e)	Zamaniya	Kimsaqalqu	Jetate	Oito	Осем	Acht	Oito	Vuit	Huit	Ocho	Eight	Osiem	Восемь	Vosem'	Sette	azmanía	ثمانية	Ath	oito	Huit	Aacht	okto 	Οκτώ 	sekiz	osem	Вісім	Nyolc 	osam	Осам. 	osam	oitu	Oto	[aath]	आठ 	At	mwámbe 	Ocho	walo	Åtta	Osm 	Kahdeksan 	Osem 	Átta 
Bederatzi	Nau	Nouă	Iskun	Futok yasif	Porundy	Djirom  gnent 	Tasǎa	九	jǐu	noo	Tisǎ	Llatunka	Jenayee	Nove	Девет	Neun	Nove	Nou	Neuf	Nueve	Nine	Dziewięć	Девять	Dieviat'	Otto  	tis-âá	تسعة	No	nove	Nou	Néng	enia 	Εννιά 	dokuz	devet	Дев'ять	Kilenc 	devet	Девет. 	devet	novi	Nove	[nau]	नौ 	Noy	libwá 	Nueve	siyam	Nio	Devět 	Yhdeksän 	Deväť 	Níu 
Hamar	Dar	Zece	Chunka	Futok siluba	Pa	Fukk  	Ăachra	十	shí	das	Ǎchara	Tunta	Sappo	Dez	Десет	Zehn	Dez	Deu	Dix	Diez	Ten	Dziesięć	Десять	Diesiat'	Nove	âashra	عشرة	Das	dez	Dèu	Zéng	deka 	Δέκα 	on	deset	Десять	Tíz 	deset	Десет. 	deset	dez	Deche	[dus]	दस 	Dosh	zómi 	Diez	sampu	Tio	Deset 	Kymmenen 	Desať 	Tíu 
Hogei	Bis	Doua zeci	Ishkay chunka 	Nuluba di futok	Mokõipa	Gnar  fukk	Ăachrin	二十	èrshí	biiz	Ǎchrona	Patunta	Noogai	Vinte	Двайсет	Zwanzig	Vinte	Vint	Vingt	Veinte	Twenty	Dwadzieścia	Двадцать	Dvadtsat'	Diciannove	âeshrin		Vi	vinte	Vint	Zwanzeg	ikosi 	Είκοσι 	yirmi	dvajset	Двадцять	Húsz 	dvadeset	Двадесет. 	dvadeset	vinti	Vinti	[bees]	बीस 	Bish	ntúkú míbalé 	Venti	dalawampu	Tjugo	Dvacet 	Kaksikymmentä 	Dvadsať 	Tuttugu 
Hogeita hamar	Tis	Treizeci	Kimsa chunka 	Sifeji jata sifeji	Mbohapypa	Gnet fukk/ fan wer	Tlatin	三十	sānshí	tiiz	Zalazona	Kimsa tunka	Charppan taate	Trinta	Трийсет	Dreißig	Trinta	Trenta	Trente	Treinta	Thirty	Trzydzieści	тридцать	Tridtsat'	...	azlazin	ثلاثون	Tree	trinta	Trenta	Drësseg	trianda 	Τριάντα 	otuz	trideset	Тридцять	Harminc 	trideset	Тридесет. 	trideset	trinta	Trinta	[tees]	तीस 	Trish	ntúkú misáto 	Trenta	tatlumpu	Trettio	Třicet 	Kolmekymmentä 	Tridsať 	Þrjátíu 
Berrogei	Tsaalis	Patruzeci	Chusku chunka	Quarante	Irundypa	Gnent  fukk	Rabǎin	四十	sìshí	txaliz	Arbaǎona	Pusi tunka	Charppan nayee	Quarenta	Четиресет	Vierzig	Corenta	Quaranta	Quarante	Cuarenta	Fourty	Czterdzieści	сорок	Sorok	...	arb-baâin	اربعون	Chaali	quarenta	Quaranta	Véierzeg	saranda 	Σαράντα	kırk	štirideset	Сорок	Negyven	četrdeset	Четрдесет. 	četrdeset	korenta	Baranta	[chaalees]	चालीस 	Chollish	ntúkú mínei 	Cuaranta	apatnapu	Fyrtio	Čtyřicet 	Neljäkymmentä 	Štyridsať 	Fjörtíu 
Berrogeita hamar	Pachas	Cincizeci	Pichka chunka	Kabanan	Popa	Djirom fukk	Khamsin	五十	wǔshí	patxaz	Khamsaona	Phisqa tunka	Charppande joyee	Cinqüenta	Педесет	Fünfzig	Cincuenta	Cinquanta	Cinquante	Cincuenta	Fifty	Pięćdziesiąt	пятьдесят	Piat'desiat	Quaranta	jamsin	خمسون	Panjah	cinquenta	Cinquanta	Fofzeg	peninda 	Πενήντα 	elli	petdeset	П'ятдесят	Ötven 	petdeset	Педест. 	pedeset	sinkuenta	Chimbanta	[pachass]	पचास 	Ponchash	ntúkú mítáno	Cincuenta	limampu	Femtio	Padesát 	Viisikymmentä 	Päťdesiat 	Fimmtíu 
Hirurogei	Sathi	Șaizeci	Sukta chunka	Kabanan di yakon	Poteî	Djiom benn fukk	Satin	六十	lìushí	zaatt’	Sittaona	Sojta tunka	Charppande jeggo	Sessenta	Шейсет	Sechzig	Sesenta	Seixanta	Soixante	Sesenta	Sixty	Sześćdziesiąt	шестьдесят	Shest'desiat	Cinquanta	set-tin	ستون	Sath	sessenta	Xixanta	Sechzeg / Siechzeg	exinda 	Εξήντα 	altmış	šestdeset	Шістдесят	Hatvan 	šezdeset	Шездесет. 	šezdeset	sasenta	Sessanta	[saanth]	साँठ 	Shat	ntúkú motóba 	Sesenta	animnapu	Sextio	Šedesát 	Kuusikymmentä 	Šesťdesiat 	Sextíu 
Hirurogeita hamar	Sattari	Șaptezeci	Kanchis chunka	Kabanan di yanor	Pokôipa	Djirom gnar fukk	Sabǎin	七十	qīshí	setter	Sabǎona	Paqalqu tunka	Charppande jedede	Setenta	Седемдесет	Siebzig	Setenta	Setanta	Soixante dix	Setenta	Seventy	Siedemdziesiąt	семьдесят	Siem'desiat	Sessanta	sap-âin	سبعون	Sattar	setenta	Setanta	Siwwenzeg	endominda 	Εβδομήντα 	yetmiş	sedemdeset	Сімдесят	Hetven 	sedamedeset	Седамдесет. 	sedamedeset	satenta	Setanta	[sattar]	सत्तर 	Shottor	ntúkú sámbó 	Setanta	pitumpu	Sjuttio	Sedmdesát 	Seitsemänkymmentä 	Sedemdesiat 	Sjötíu 
Laurogei	Asi	Optzeci	Pusak chunka	Quatre-vingt	Poapy	Djirom  gnet fukk	Tmanin	八十	bāshí	azii	Zamanuna	Kimsa qalqu tunka	Charppande jetate	Oitenta	Осемдесет	Achtzig	Oitenta	Vuitanta	Quatre-vingt	Ochenta	Eighty	Osiemdziesiąt	восемьдесят	Vosim'desiat	Settanta	ath-mañin	ثمانيون	Assi	oitenta	Huitanta	Achzeg	ogdonda 	Ογδόντα 	seksen	osemdeset	Вісімдесят	Nyolcvan 	osamdeset	Осамдесет. 	osamdeset	oitenta	Otanta	[asii]	अस्सी 	Ashi	ntúkú mwámbe 	Ochenta	walumpu	Åttio	Osmdesát 	Kahdeksankymmentä 	Osemdesiat 	Áttatíu 
Laurogeita hamar	Nabbe	Noua zeci	Iskun Chunka	Quatre-vingt-dix	Porundy	Djirom gnent fukk	Tasǎin	九十	jǐushí	nave	Tisǎona	Llatunka tunka	Charppande jenayee	Noventa	Деведесет	Neunzig	Noventa	Noranta	Quatre-vingt-dix	Noventa	Ninety	Dziewięćdziesiąt	девяносто	Divianosto	Ottanta	tes-âin	تسعون	Nave	noventa	Noranta	Nonzeg	eneninda 	Ενενήντα 	doksan	devetdeset	Дев'яносто	Kilencven 	devedeset	Деведесет. 	devedeset	noventa	Noranta	[nabbe]	नब्बे 	Nobboi	ntúkú libwá 	Noventa	siyamnapu	Nittio	Devadesát 	Yhdeksänkymmentä 	Deväťdesiat 	Nítíu 
Ehun	Saya	O sută	Pachak/patsak	Kabanan disuluba	Sa	Temer  	Miya	一百	yībǎi	soo	Miya	Pataca	Temmedere	Cem	Сто	Hundert	Cen	Cent	Cent	Cien	One hundred	Sto	сто	sto	Novanta	miya	مائة	So	cem	Cent	Honnert	ekato 	Εκατό	yüz	sto	Сто	Száz 	sto	Сто.	sto	sen	Chentu	[sau]	सौ	Eksho	nkáma 	Cien	isang daan	Hundra	Sto 	Sata	Sto 	Hundrað 
																																																					
																																																					
																																																					
																																																					
																																																					
																																																					
																																																					
																																																					
																																																					
																																																					
																																																					
																																																					
																																																					
																																																					
																																																					
																																																					
																																																					
																																																					
																																																					
																																																					
																																																					
																																																					
																																																					
																																																					
																																																					
																																																					
																																																					
																																																					
																																																					
																																																					
																																																					
																																																					
																																																					
																																																					
																									Egilea: Marco Scalzotto																												
